setting,dataset,model,IBS_mean,IBS_std,IBS_KM_reference_mean,IBS_KM_reference_std,tdAUC_3y_mean,tdAUC_3y_std,O_E_ratio_3y_mean,O_E_ratio_3y_std,mean_abs_cal_error_3y_mean,mean_abs_cal_error_3y_std,calibration_slope_3y_mean,calibration_slope_3y_std,tdAUC_5y_mean,tdAUC_5y_std,O_E_ratio_5y_mean,O_E_ratio_5y_std,mean_abs_cal_error_5y_mean,mean_abs_cal_error_5y_std,calibration_slope_5y_mean,calibration_slope_5y_std,tdAUC_10y_mean,tdAUC_10y_std,O_E_ratio_10y_mean,O_E_ratio_10y_std,mean_abs_cal_error_10y_mean,mean_abs_cal_error_10y_std,calibration_slope_10y_mean,calibration_slope_10y_std
InD,nki,TabSurv_M,0.17340708697606302,0.00725360248153507,0.1877583325204323,0.0050587452137189235,0.7572665088031223,0.033769837052144855,1.2113954385447996,0.33331555546906677,0.059970835919218125,0.0180274698648701,0.9420582420668546,0.24223942108299332,0.7410220336749787,0.033407219917311215,1.0509619131763148,0.11368870292098122,0.06427848027888855,0.017726360255027877,1.0252253373171218,0.23817763036573783,0.7253315233856955,0.045764302418900456,0.6244851823804025,0.024549443968536734,0.2281626395911993,0.022052448879554088,1.4477601138986393,0.4134965728034403
InD,nki,DeepHS,0.20525271802284,0.030664990257713864,0.1877583325204323,0.0050587452137189235,0.5894017120909611,0.15727167738914097,1.2644281012349947,0.4346921481514362,0.09286341520252511,0.05029116666681619,0.4353014021993903,0.46892348967816133,0.5659094869975666,0.12309410037797032,1.2861011038751655,0.5059899769559925,0.12436169822423522,0.06956154050203776,0.3438536733013475,0.3182070282762195,0.5689419477218982,0.12153841005558311,0.8028175376388914,0.12023766952613398,0.14617679310109435,0.1272624524142745,0.49401100509911355,0.47164898285772805
InD,nki,DeepSurv,0.2180538432527947,0.019244737974415616,0.1877583325204323,0.0050587452137189235,0.7137800049156346,0.04974056116207159,5.247176523942441,3.891043034232348,0.1429235499429818,0.04607327141973917,0.33138792950394164,0.10523131598305342,0.6694280578264344,0.08354762427709615,2.433183308965986,1.492997478134385,0.17282573158842152,0.0512006632227722,0.2551526031956167,0.12993982553169836,0.6602352374762216,0.09454744771734437,1.4829993261456031,0.5628006343631647,0.2261022808585787,0.02394350362872087,0.24580425034873232,0.11578576617278938
InD,nki,ENCox,0.20570716431239283,0.027082805853460762,0.1877583325204323,0.0050587452137189235,0.6787298710870321,0.038930684892037486,1.5678027544019748,1.2328317058331961,0.11468641527872658,0.038006917432875625,0.9041145059156686,0.7172657662461188,0.6453899212588411,0.026465492502988724,1.2233689869697282,0.7268688668502337,0.1484007007718775,0.06254362015066468,0.8294766293078139,0.7082044914453137,0.6388733364275585,0.05701525513909715,0.9264050420808344,0.1594871580465191,0.1612452435333322,0.04413322269325971,0.789308030119481,0.6447351804390341
InD,nki,LH,0.25127559469989946,0.08991349470486808,0.1877583325204323,0.0050587452137189235,0.6498560913402917,0.04674955882247988,1.8918765753799758,1.335180812071339,0.1856093201167741,0.17649896928372952,0.5429070882243686,0.21077826413854853,0.6458248206947707,0.038970766001199905,1.4238326617735209,0.7591484523386356,0.21038984615145528,0.12765613708760132,0.38230215915304355,0.20935072155126208,0.6687432149781727,0.057638063324381116,0.786353330520922,0.2767188875597803,0.2714609835719607,0.14324558005741767,0.39973083084222083,0.15965416477378308
InD,nki,MTLR,0.2260073281134254,0.016767017495438127,0.1877583325204323,0.0050587452137189235,0.6797090287394736,0.016789405557056457,1.315178590399549,0.6402175634315355,0.12753070032421387,0.04129300955453072,0.3608106438836264,0.14586140821729224,0.6668307144806173,0.048807027012445145,1.0925786711415326,0.2574109167467851,0.16853152278292277,0.01840542458316863,0.27222195310549446,0.04726291778463488,0.6489735242073745,0.08425398544185718,0.8484172987980918,0.11721234864933483,0.23975903850877273,0.05467616330192851,0.2741547125300352,0.0877143209863435
InD,nki,PCHazard,0.23187396855498785,0.041216186785504476,0.1877583325204323,0.0050587452137189235,0.6656534661186843,0.03242692143918666,1.735871487179973,1.1384958927133195,0.12176797691679386,0.04244790818197636,0.5423963887145502,0.08024007454026111,0.6664323345881527,0.015681012978184757,1.1641769184211028,0.5055148061024877,0.18345407295918506,0.07247404737133538,0.3967877676983983,0.11132339125466083,0.6716645928939888,0.054682796871117906,0.8199158055252767,0.28974950683352296,0.2611881015929482,0.11521208419716934,0.399789809262402,0.16357299144126752
InD,nki,PMF,0.20988371811041504,0.01114648940156796,0.1877583325204323,0.0050587452137189235,0.6644032702975746,0.09394448819425534,1.1175533419772004,0.3878045091397765,0.1066010778385311,0.026385760083705474,0.491631675426684,0.20056052773267338,0.6273965623924622,0.06933105532443672,1.0367311714700298,0.22933323724418578,0.12741784169166376,0.04484067336832267,0.3368454242900147,0.21642325059402245,0.621121889519558,0.06926529378661889,0.7645831272392576,0.07533184265681903,0.18987545152796753,0.05322209119285417,0.36544236423109416,0.2440091361429741
InD,nki,RSF,0.18170796525505167,0.009345444972553685,0.1877583325204323,0.0050587452137189235,0.7251039766867742,0.04142185736121545,1.171815024459854,0.5281292270569677,0.10285417883786688,0.022265646863905666,2.656069926416037,0.49922365747374203,0.6788415624569344,0.07407362520616158,1.1456235756539805,0.425910754532276,0.1020263741235331,0.03290398138871056,2.109685160384613,0.7445329539691432,0.6554920556975576,0.07386268101839628,1.0422979769093013,0.15085695733994978,0.09418154889927477,0.026579943317665125,1.8479274695443089,0.5833296047853064
OOD,hel,TabSurv_M,0.10412555314479285,0.0015851934716035329,0.11330644368757588,0.0,0.7395334831245651,0.02287193345825901,1.201123898488012,0.32231925962874763,0.04874113679061314,0.014008162472070245,1.2680520313407562,0.3249522056362345,,,,,,,,,,,,,,,,
OOD,hel,DeepHS,0.11580504650268075,0.0053165808869942936,0.11330644368757588,0.0,0.5820561125141414,0.1290803528374579,1.0779050786363715,0.2174940214564753,0.0701488537138933,0.03117995377786458,0.48885460445677775,0.48061860875386897,,,,,,,,,,,,,,,,
OOD,hel,DeepSurv,0.11883710950661967,0.005398945744107045,0.11330644368757588,0.0,0.662399508605662,0.0693244318112013,4.456462819259378,4.730000965994942,0.11837505153171898,0.021184451101136877,0.26236181977032025,0.08784467473770619,,,,,,,,,,,,,,,,
OOD,hel,ENCox,0.13192792243740759,0.028941901797293838,0.11330644368757588,0.0,0.6746122336733179,0.04511867455829408,1.310574567773998,0.9299577797875875,0.10016942384714136,0.04959649709284387,1.1949959138872739,1.2408080784685123,,,,,,,,,,,,,,,,
OOD,hel,LH,0.1703716653069636,0.0984690805335753,0.11330644368757588,0.0,0.6113762856948985,0.08616923985818745,1.7046748383364445,1.5660839781518052,0.1889647319639544,0.18528682119812973,0.47261124189403947,0.35557714558555265,,,,,,,,,,,,,,,,
OOD,hel,MTLR,0.12994366109702782,0.007656891428718622,0.11330644368757588,0.0,0.6316857242514341,0.0313561845591375,1.18593914385718,0.2815658404800572,0.08939918736256121,0.012927602946690679,0.2826111864364282,0.042995285750788884,,,,,,,,,,,,,,,,
OOD,hel,PCHazard,0.14460668600791898,0.035510104038113964,0.11330644368757588,0.0,0.5980625783856255,0.07801152744760498,1.5732931752171675,1.2614532826488005,0.12387874646189845,0.05305925318209721,0.510633389110017,0.37351640749254544,,,,,,,,,,,,,,,,
OOD,hel,PMF,0.12171852172358284,0.010197598047990974,0.11330644368757588,0.0,0.6169310319672572,0.10318010684031138,1.0370803600342677,0.14831091183651354,0.07678364415133325,0.01841375849557918,0.4545627591786042,0.08993198427171267,,,,,,,,,,,,,,,,
OOD,hel,RSF,0.11190486489164278,0.005717135015916839,0.11330644368757588,0.0,0.7246906853598174,0.03189799595621263,0.9902490914421541,0.3611954047316626,0.09059620810304862,0.024226604757386572,2.763031530293534,0.34118257246101485,,,,,,,,,,,,,,,,
OOD,unt,TabSurv_M,0.14925457782836532,0.006934618161547865,0.13136103875714827,0.0,0.6092011047011171,0.031812049960851255,0.9394925980951647,0.33776147679351526,0.045902677442680465,0.012909360680049557,0.5127818443834755,0.14175823420328304,0.6818052672238266,0.030674639650757066,0.8144058765676088,0.1994334849706894,0.07073436841269126,0.02124246296550944,0.9902918368877464,0.19570770050436154,0.5813471094867224,0.02729195502640986,0.4257029454096318,0.04322459518579715,0.2997166947760014,0.04730092233384777,1.0660664184161646,0.2874292137169437
OOD,unt,DeepHS,0.16004603293515268,0.011795342488489758,0.13136103875714827,0.0,0.5325052933642931,0.11278299224608603,0.7351865604625358,0.19730033966250102,0.0914593769377082,0.036183563479491226,-0.005015462703079221,0.7415846177008785,0.5623829725015284,0.08021399896020553,0.7545016262827035,0.21776601440456986,0.10853847459356318,0.041399258457113404,0.3858673352178232,0.3957363369977881,0.5309752780675201,0.04480569948303292,0.48492293105155815,0.05687240012258904,0.23560059214385384,0.05008898025129815,0.4118737149508013,0.5291049324166905
OOD,unt,DeepSurv,0.16128725115920164,0.009128126901833079,0.13136103875714827,0.0,0.5947283479111586,0.05871830216010551,4.024442837287146,3.484343510001199,0.09471349023725867,0.017765802873926123,0.19117152732641787,0.06847960807464677,0.6424798545429266,0.07432919148231408,1.6947739589305004,1.4072565888110415,0.12606173841071433,0.022574638129444748,0.2475376292217017,0.1077073661958335,0.5989467434996334,0.024976543131927823,0.8804010708815456,0.2877238925697228,0.20440801511044823,0.030399916596561365,0.19221436293960464,0.06629485239145075
OOD,unt,ENCox,0.17244613068684042,0.04098491848646915,0.13136103875714827,0.0,0.5673931883283097,0.05821500816126957,0.9372715567260206,0.6905432353819123,0.10678048384300443,0.05363564232272441,0.6489925468698361,0.75506272626677,0.6083687962060487,0.07626531065342361,0.7654066003480882,0.4672110120413397,0.16045100887530356,0.06273385264719347,0.9306510321130219,1.1346719613905152,0.5643448936797771,0.060739703363670565,0.5430998295181514,0.09078624368014435,0.22563060763604542,0.07675125013722846,0.7369942163432357,0.9731600918166394
OOD,unt,LH,0.23856985022686555,0.1349479097719171,0.13136103875714827,0.0,0.5932107592300829,0.04643470014537609,1.0639058881335637,0.7221712347764971,0.16318921746127638,0.2184247344517851,0.5089098126917595,0.3307809304318227,0.6254446843436472,0.059635480671843676,0.9140402275898449,0.5762245896321011,0.21248385155191132,0.20967947700479858,0.410088980688772,0.22348661231809283,0.5760405164125649,0.06917747056372152,0.5170704305351461,0.22175831355011066,0.3335728910387345,0.20152500108542423,0.3105482524901437,0.15732582152417562
OOD,unt,MTLR,0.19473701086231687,0.023034123592405194,0.13136103875714827,0.0,0.6224656540341562,0.04910761594767164,0.7549638153307793,0.21584497935549476,0.09930759017596338,0.03572455374685802,0.3054840217526501,0.12717690571764614,0.6457484618521179,0.0496684975076084,0.6822781539971355,0.08000992438404055,0.14500607074223157,0.023667195642355466,0.3041884079146705,0.10994084332989293,0.5876725071152308,0.02412426993746071,0.5189668785869156,0.032370017204476235,0.2640419573067951,0.025339884296160013,0.23095274859588671,0.11196575591921103
OOD,unt,PCHazard,0.2241646235013957,0.08865091567590498,0.13136103875714827,0.0,0.5718295966618958,0.04676912413694178,0.9894815763934434,0.6296568904508701,0.12342576058048697,0.08991018187728948,0.3800828043161971,0.2271011943291449,0.6247030542608998,0.029853922184155533,0.7374502307405182,0.38940799779025953,0.19402401582862908,0.15113025489129797,0.35889758542399053,0.16166483155111677,0.5824045585189122,0.0599998620337385,0.5522346869762544,0.28876693162306905,0.31797000004345266,0.18401689398687074,0.2768599322396943,0.1284761392223296
OOD,unt,PMF,0.18127074341239305,0.01990833331914569,0.13136103875714827,0.0,0.5494530901220359,0.06597168079134937,0.7084476491231928,0.13185449687097958,0.09357274777951223,0.034318431236881705,0.21778775775912926,0.3440744974937153,0.5777107953355792,0.068797752133034,0.6417248717702025,0.08493072400931743,0.1502680398321632,0.020859371378189162,0.27367817540953043,0.14781161111464822,0.5470443444305972,0.048275488585765455,0.4997994340006273,0.06859962260251634,0.24892841231323856,0.04851804269693453,0.2697525194553327,0.189591031922688
OOD,unt,RSF,0.1416926739962277,0.011980443993884895,0.13136103875714827,0.0,0.6047231362644151,0.051334097025016984,0.6805846270918134,0.24496145379978992,0.08645895418752483,0.05438114817212897,1.276268063791219,0.516520691562304,0.6280041890775557,0.06891765213569331,0.6796333275255633,0.22499891785471998,0.10963561607899246,0.0663289616537748,1.5996899873724448,0.6202107173234256,0.5663047966551209,0.017530587062087388,0.6014734238795869,0.08037265194507626,0.15117293759507502,0.05305852851676975,1.0693456710292435,0.40196981619735156
OOD,transbig,TabSurv_M,0.17187710801893905,0.007024567889350172,0.1455752705448926,0.0,0.6885687885010267,0.022407750731881164,0.6708362419136722,0.08798292209029814,0.059529657917793334,0.023492199822251966,1.1845268307663046,0.17312830322346542,0.6734237193572967,0.018542004402571602,0.6700426722218492,0.05888606800911561,0.10218187331823123,0.015714423147121435,1.1732239685860706,0.19747215306908703,0.6120209979947807,0.02202717247211313,0.45020109011664644,0.020078707725654225,0.32297071232878716,0.02744151779619098,1.065248997406269,0.29908703746682164
OOD,transbig,DeepHS,0.17044472637465757,0.013047999795458723,0.1455752705448926,0.0,0.5856344969199179,0.08995723370923887,0.7144058473180289,0.17893662232105673,0.06961720348167695,0.021296925340434984,0.4547528653651276,0.36527970543896127,0.5817807037918223,0.10209331799007848,0.7956087202389581,0.22058460164236623,0.10890992394530485,0.041620819061895825,0.5690389829578905,0.6602796839429811,0.55912980785452,0.07688964345837164,0.5754101540003981,0.06409803998224153,0.2121000087328822,0.07417716113717604,0.5780328017409451,0.5832199023761423
OOD,transbig,DeepSurv,0.17644780449807915,0.009108757656936308,0.1455752705448926,0.0,0.6766638310354943,0.063221692409994,3.579039235792979,2.8554879513185343,0.08021556226144429,0.013413055463199076,0.2751728564352558,0.06343950710097941,0.665290416871609,0.058353014673928456,1.8499094564832,1.468348474972567,0.13086793781651324,0.018800471519486973,0.26648854600318395,0.09217019959211888,0.6136139149460798,0.042672543627000036,1.0241404100263376,0.36592163378644255,0.2033110734995755,0.021274786147821488,0.1887551371510424,0.061470596029044394
OOD,transbig,ENCox,0.18333101793779366,0.036476064848230426,0.1455752705448926,0.0,0.6184520387210325,0.06576255275990675,0.9775998986399583,0.7613074685575151,0.08958388166501863,0.040637095868659684,1.0942291274181857,1.3871435481704706,0.5964494044708543,0.08287523468292632,0.8145173104059374,0.4940072950840312,0.14287665195939545,0.0625318828414965,0.9696361483259652,1.257864136638102,0.5564035016656458,0.059929778096864644,0.6372122616504156,0.11293299929430115,0.19673966885817495,0.08985034503445126,0.6051562050028201,0.812399414986651
OOD,transbig,LH,0.260754333421039,0.14256445575619134,0.1455752705448926,0.0,0.6124045174537989,0.055694392109425596,1.1077500299673286,0.8542146597314199,0.16961145830538235,0.22089770907461584,0.3724204184652593,0.2799165119291468,0.6137165967850713,0.06968762478322721,1.0995399241438537,0.821826215547085,0.21997032753111592,0.20251256740480927,0.2777107090023495,0.3384122985422738,0.577070842850028,0.03621389656608896,0.6700087013372331,0.39465021155819696,0.3211619047855258,0.18563976214523897,0.19247167166636753,0.15806981913386525
OOD,transbig,MTLR,0.1996247112777047,0.02361056236050028,0.1455752705448926,0.0,0.6571135230272807,0.07970658665460942,0.763163365117107,0.17676338335649713,0.08204095936523965,0.03620914173540931,0.386732687792393,0.21647856167821977,0.6646060898105599,0.07630258283845151,0.752635375705281,0.09649181253669012,0.13820708197865642,0.026792047850877753,0.3358323524791934,0.1819290971877928,0.6036312803387729,0.04764885952288308,0.6193143125304159,0.034407820587205186,0.23687197951222366,0.027158674589777287,0.2161097422811698,0.1194868496680736
OOD,transbig,PCHazard,0.24441747417192902,0.09152099231841808,0.1455752705448926,0.0,0.5860492813141683,0.03819321682320861,1.100656609870588,0.8130739034796506,0.11173670789017329,0.09646269385036978,0.4009994037515022,0.18519657948307708,0.606456026779444,0.04233720613454137,0.8671517127890855,0.5186709521733948,0.20281065530858827,0.15033180614498184,0.26769583011911086,0.26555771059824257,0.5865666193731057,0.013381476653277493,0.6941348433247889,0.42924561530449434,0.3191117481025281,0.16165421982874795,0.1903546861889192,0.1471790883618526
OOD,transbig,PMF,0.19047605616525312,0.015271412029855708,0.1455752705448926,0.0,0.6289398650630684,0.06633231044289072,0.6666799445108168,0.13227990519132055,0.08753022204410915,0.04534547809246031,0.4249168409281999,0.25568307580360883,0.6141069494370008,0.06059251076171633,0.6818617076577269,0.1484525219177235,0.1332491806277209,0.0328558069374711,0.38152513317663905,0.21631172167973237,0.5495669177127332,0.07114750159693675,0.5881424974945919,0.07482716631432493,0.21974820030054776,0.04114677508994798,0.2022123688219764,0.3523971743677868
OOD,transbig,RSF,0.154446459681786,0.010875301831456151,0.1455752705448926,0.0,0.6603106482839542,0.06505923071668654,0.6439990438380516,0.22641023170850968,0.09285569168406263,0.05957936149656439,2.363770001067855,0.9895478604423041,0.6453064639985372,0.08158648518280633,0.6953152042118876,0.2283293824884387,0.12028773193999795,0.05251914978025624,2.0462053533925704,1.1455716795528499,0.6008059888840199,0.05938886965026105,0.6886629001516942,0.08723407747592196,0.12737852678747602,0.04634093226571075,1.3091531741361817,0.8649056627746785
OOD,mainz,TabSurv_M,0.1540314418130173,0.006639912495715973,0.1277242903705761,0.0,0.8098813094383441,0.02859810529888474,0.5943012000159799,0.032358829884983176,0.0758681650876925,0.009864967388980753,2.5179912465957037,0.5336134383680043,0.7094148503881416,0.02557154120027427,0.5370935312666548,0.02398719130053833,0.12612960350679372,0.013588268472370192,1.864900543316598,0.459811806863976,0.6602882582913059,0.03210489129904608,0.43651722892033995,0.020394005470283992,0.32459525883299173,0.031902889916166785,2.395743512911351,0.7537236594722865
OOD,mainz,DeepHS,0.1528644006346341,0.013597492115375627,0.1277242903705761,0.0,0.6099006102806701,0.18499525968990024,0.6302897819226304,0.13397443021976327,0.08443756857226559,0.03128173745890771,0.8604595519621328,0.7119641076480725,0.603597359016236,0.12398476768391341,0.6412242258794987,0.15056118450822364,0.1235900837617259,0.03870326385556622,0.9708720221747564,0.9326757195308325,0.5532224693314702,0.07538238882772447,0.5688670105351553,0.07326943765206773,0.21374949232383114,0.07502830825219803,0.9976689162690489,0.8000485376570681
OOD,mainz,DeepSurv,0.15416788859573974,0.021915798398071007,0.1277242903705761,0.0,0.6867508582647067,0.12504272232213423,7.254611123890614,8.905711548168679,0.0731763536024432,0.023514320038393103,0.39355371723532606,0.24413053529561793,0.6395033921065445,0.08531359100400483,1.8723188475841446,1.8558793977328063,0.10919812664108541,0.05417551899981059,0.28744949998632474,0.169981736781969,0.5816321748649065,0.06596986233561611,1.0338474142129896,0.365444117862327,0.19692352592036982,0.032928141933369195,0.23480538176923985,0.11996275475057551
OOD,mainz,ENCox,0.1655066135646868,0.03675869231592019,0.1277242903705761,0.0,0.6849565125384265,0.1056087052934483,0.8846432939102187,0.7378972890945265,0.08874704708587597,0.04604142444480449,1.6024197259182738,1.6965147874586979,0.6414709525698653,0.08095824459625138,0.648655529624087,0.40427992277513985,0.1618692182139493,0.07147138999709438,1.328709662270361,1.548847950146682,0.5851795465954851,0.04462290948857743,0.6111340655747125,0.1067326416065528,0.19563283561428926,0.0786514868543017,1.0445025781911368,1.1644326190666991
OOD,mainz,LH,0.2315054263664567,0.15195285396871577,0.1277242903705761,0.0,0.6774667256940425,0.09151053060436586,1.088049689112761,0.9223997268781337,0.15848017485573448,0.2357451518831641,1.078892637211992,0.9506651745351512,0.6368130287954628,0.06102822466396456,0.943458767800634,0.7452523365584468,0.1956799215091201,0.2452393612090897,0.7091183257984415,0.5637318420664316,0.6123899002707625,0.03414813463663489,0.6696053350256568,0.3727554799877684,0.2932240038927535,0.20505285095272088,0.5638411037139825,0.5021532083899297
OOD,mainz,MTLR,0.18243020133268725,0.022197196433125108,0.1277242903705761,0.0,0.7328506896698064,0.06377826784733145,0.7018581819458803,0.18721851848633403,0.07363593365205874,0.03407457119994763,0.6577696425444639,0.2587677638619988,0.6599383883669835,0.05775137872033254,0.6248800399944694,0.07307831431984362,0.14380140842117622,0.035192407902265244,0.3629843758500812,0.14658107800749592,0.6044213554364483,0.06239303432114652,0.6363268980529805,0.0458175416407933,0.22113574185116058,0.050731724835352696,0.31814832575642665,0.12743668204756922
OOD,mainz,PCHazard,0.21635069741859767,0.10121718361393298,0.1277242903705761,0.0,0.6424335646200037,0.09727034613741338,1.088083453201213,0.8988935084966962,0.1075965497165305,0.10995992337528415,0.960372501591331,0.6466905596761935,0.6384294693414256,0.04705038913734053,0.7436260723039613,0.5292395892862124,0.196561544436997,0.17921575098576478,0.5738522136997833,0.28438174784178083,0.6108953427778114,0.04049899520256857,0.7011046973328574,0.45908567633947706,0.2980248801019597,0.18603350695381962,0.45012357431940053,0.2978060211333997
OOD,mainz,PMF,0.1657764239068707,0.018530730370573574,0.1277242903705761,0.0,0.6479022390719715,0.1181131767183932,0.6251782283029783,0.11435134325932467,0.07777771841338121,0.01672067330003045,0.5059280456054536,0.3008267599378982,0.6261707703709338,0.06963673278202427,0.5718532541655182,0.11259288253472187,0.1368386785528928,0.042873656234494774,0.4829720679275171,0.321618726092751,0.592773106747942,0.07035949455009952,0.598661057786144,0.07544827026799976,0.18944148738418345,0.0463208514521951,0.5403874694245732,0.3923016134111239
OOD,mainz,RSF,0.14006688762591385,0.01392622928312385,0.1277242903705761,0.0,0.7281793949901358,0.09676149687805402,0.5733435389165245,0.20179858509378484,0.10248758652291387,0.05789875910048867,3.4793286347192462,1.4546593720528909,0.6649191629522259,0.06289894209137882,0.5582161094063014,0.1830546327150259,0.13609540444101853,0.0734382976895258,2.504358513170602,0.6933257573020996,0.5965149208875037,0.048650729098515345,0.6716732516198981,0.0859419799000325,0.13600183057072765,0.03973274496769041,1.9281683980961843,0.5209568067621836
