scenario,setting,dataset,model,seed,IBS,IBS_KM_reference,IBS_from,IBS_to,horizons_skipped,tdAUC_3y,O_E_ratio_3y,mean_abs_cal_error_3y,calibration_slope_3y,tdAUC_5y,O_E_ratio_5y,mean_abs_cal_error_5y,calibration_slope_5y,tdAUC_10y,O_E_ratio_10y,mean_abs_cal_error_10y,calibration_slope_10y
RFS,InD,METABRIC,TabSurv_M,40,0.15984597716327167,0.17337921098645395,1.8,10.0,,0.7175695599348771,1.122064722386325,0.013172636842201905,0.9721992846063197,0.6960066985815616,1.023517980372414,0.014896312569154416,1.070048060735765,0.6641409933003364,0.9475585865487718,0.022076909485927713,1.1988036442128884
RFS,InD,METABRIC,TabSurv_M,41,0.1553001976667844,0.16772625622076598,1.6,10.0,,0.7167516524380844,1.0220331836394518,0.0225913548999556,0.8593472311611954,0.6973405579386517,0.9846121018275331,0.0417817269351656,0.9785066687612779,0.6647357395790091,0.8748868015548735,0.05399472148478171,1.1136047286406572
RFS,InD,METABRIC,TabSurv_M,42,0.16328480887466332,0.17822708855040678,1.8,10.0,,0.7229695997611051,0.963510867541341,0.0084982511579706,1.052275458716893,0.7141250092875024,1.1579589992969128,0.031686898091357385,1.105906166488038,0.6852934178161187,1.0458165462631537,0.04371356615251209,1.207141798571458
RFS,InD,METABRIC,TabSurv_M,43,0.1576855464729223,0.17217623869235948,1.8,10.0,,0.7478252081964721,0.8984881040593429,0.011544083758469721,1.1190909138294545,0.7055966226447642,1.0076394650342626,0.012420238498373565,1.0208892760124564,0.6669679163747264,0.9868810807719782,0.03033715341367483,1.065149925534796
RFS,InD,METABRIC,TabSurv_M,44,0.16103621597968298,0.17263487353531765,1.6,10.0,,0.6849523244140133,1.124863010924068,0.019113778422258667,0.668603786125483,0.6919399464149212,1.1274938281566138,0.0262592614665257,0.8976617049709209,0.6569629587704583,0.9342604599090585,0.02704835511901445,1.10576455378136
RFS,InD,METABRIC,DeepHS,40,0.17319835253764396,0.17337921098645395,1.8,10.0,,0.5489491694512576,1.7379094541484674,0.0500890600549801,0.019876028692628136,0.6711607787720613,1.3471243792684175,0.0651766492356713,1.582524344947273,0.6132622903042476,1.277525132236234,0.08816698729075537,1.4426681879208647
RFS,InD,METABRIC,DeepHS,41,0.16763480713348242,0.16772625622076598,1.6,10.0,,0.5088031190548621,1.850268097560371,0.05280429807682462,0.14345039352589542,0.6393483802497482,1.4582884128118643,0.06768476111323644,1.0551497180785328,0.5636132422622973,1.1318031722073016,0.04534469550506306,0.5839496123231221
RFS,InD,METABRIC,DeepHS,42,0.18230511188285572,0.17822708855040678,1.8,10.0,,0.5802159457809237,1.572214984803658,0.039700610904507605,0.6670645225474724,0.6591511831227304,1.556868757118063,0.08259059124826537,1.5639595135181823,0.58522866712437,1.264618337782077,0.08889068940066422,1.747481024239995
RFS,InD,METABRIC,DeepHS,43,0.17130721391692505,0.17217623869235948,1.8,10.0,,0.6250322361989589,1.8311182454223816,0.04768416931015888,0.9360236773535815,0.6387035567980004,1.2425444949894782,0.04911372349346986,0.8790959158956333,0.5962268390451768,1.0821049659144208,0.047589321888997844,1.5417893382904826
RFS,InD,METABRIC,DeepHS,44,0.1732407615506942,0.17263487353531765,1.6,10.0,,0.46740670449025506,1.726959933687154,0.04930132853281559,-0.3762357480191489,0.6440407496785424,1.5438905365061024,0.07949666606599708,0.9760678262061048,0.5530776291001713,1.1466356634683106,0.06406673263721367,1.0106526211618847
RFS,InD,METABRIC,DeepSurv,40,0.1718363224617253,0.17337921098645395,1.8,10.0,,0.5980091189425899,0.9418572651885435,0.03899854492469921,0.472041095017867,0.6200205213568966,0.9178320882333055,0.05913899454552513,0.4799768536074567,0.6327812056505288,0.9671298789043885,0.09021909543224584,0.43935519846114807
RFS,InD,METABRIC,DeepSurv,41,0.17543904401803928,0.16772625622076598,1.6,10.0,,0.5768991333411233,1.0784313379051744,0.0428963907586152,0.26637361972403356,0.6128064998236613,0.9213869620457189,0.06711707770943436,0.3786220954241881,0.6045492528287834,0.8930574781827167,0.12371781172946628,0.3305964757647692
RFS,InD,METABRIC,DeepSurv,42,0.17894647802990638,0.17822708855040678,1.8,10.0,,0.633048572498687,0.97333704162464,0.02054526092382343,0.6501968767250118,0.6193796868089081,1.0501038585608489,0.05364309028876643,0.5243041348621804,0.590752279997135,0.9955046930736904,0.1033649342277124,0.39326292607161506
RFS,InD,METABRIC,DeepSurv,43,0.17605397616107776,0.17217623869235948,1.8,10.0,,0.6293313679603174,0.9510932008725351,0.04572184273456515,0.4480132323420904,0.6634819273929002,0.9132800708787345,0.06556009273001345,0.5209205699464975,0.6292243800602726,0.9939007490138868,0.11546346849967883,0.3798361507473464
RFS,InD,METABRIC,DeepSurv,44,0.17657963320371053,0.17263487353531765,1.6,10.0,,0.6063262411633077,1.1159969331000814,0.03905066967828118,0.360845549321467,0.6365933464114599,1.0872806605079042,0.048195054697670554,0.4839598339618567,0.6035727650234015,0.9771726078540245,0.09506506446569336,0.3743487481088395
RFS,InD,METABRIC,ENCox,40,0.18949959312786036,0.17337921098645395,1.8,10.0,,0.6080126290234559,0.9776811668293967,0.054700734216526624,0.33942524365839427,0.6018352774691141,0.8832067447096984,0.0904153114970624,0.30181422082186,0.6255778598714649,0.8886447766701034,0.1343392523867986,0.32633019857785195
RFS,InD,METABRIC,ENCox,41,0.1625217475893929,0.16772625622076598,1.6,10.0,,0.6626783589690377,1.043983893308234,0.023591628480050822,1.0675659647816422,0.668892282289159,0.8930405891463431,0.029042452560262597,1.0688791262548285,0.6147842133671451,0.8570012482050384,0.06460731491880929,0.7844251597712483
RFS,InD,METABRIC,ENCox,42,0.17296952214863814,0.17822708855040678,1.8,10.0,,0.6570451214374273,0.9492463946640595,0.031009667949668824,2.237407781018005,0.657114733576303,1.0457925920702276,0.04956872754737801,2.0692499531313704,0.6143699557000697,1.0072396909115497,0.038496447694574824,1.4425262770742964
RFS,InD,METABRIC,ENCox,43,0.16385069418376347,0.17217623869235948,1.8,10.0,,0.6656490060245709,0.9089618804168392,0.014445577843729508,1.421921255052507,0.660878125109096,0.8724330201729087,0.031193833237522093,1.3030706122878317,0.6334928535279708,0.9425578080070824,0.03091402028482372,1.0235342961270641
RFS,InD,METABRIC,ENCox,44,0.17225279292200496,0.17263487353531765,1.6,10.0,,0.609574139427936,1.0018002289130712,0.02532084446068503,0.5796169785130161,0.6498891856879895,0.976519974226297,0.02974825887606491,0.716385295426209,0.5906111743468732,0.8802028736810721,0.09847440329467212,0.459400659851651
RFS,InD,METABRIC,LH,40,0.1877098435952257,0.17337921098645395,1.8,10.0,,0.5379291327303913,1.0925947637815645,0.03592791940033895,0.22660069296209226,0.636913790506457,0.8479574535173217,0.053116712678148034,0.5399530163847329,0.6197424669763052,0.8159559232586489,0.16803720770090705,0.2838286234998033
RFS,InD,METABRIC,LH,41,0.1821808487718367,0.16772625622076598,1.6,10.0,,0.551394408588012,1.0055682266860098,0.034579922285190946,0.2687263999921504,0.6301568241754576,0.8431567105065817,0.06582957742903486,0.47136518935918,0.6168491770204997,0.7291621684994841,0.17413678197590124,0.36228632388002885
RFS,InD,METABRIC,LH,42,0.18729145598235142,0.17822708855040678,1.8,10.0,,0.5361542997633495,1.046196245483739,0.026125126602422766,0.09072689197447999,0.6196180446330481,0.9437201686759343,0.07639186706450797,0.4329301671763935,0.6524417939555285,0.7507169186040756,0.17018065218839018,0.38689299311240133
RFS,InD,METABRIC,LH,43,0.19160982828210496,0.17217623869235948,1.8,10.0,,0.5625112467241767,1.0942858441237895,0.028736286767330282,0.42107577177416833,0.6471877799592158,0.8817224722197422,0.08434892406081657,0.4260409361317289,0.6332753483859905,0.8335522793953593,0.16652765733062566,0.2910027602283075
RFS,InD,METABRIC,LH,44,0.1817511594494504,0.17263487353531765,1.6,10.0,,0.5212588284006858,1.279831337887067,0.0423092487817948,0.14438298324091492,0.6109467182200479,1.172520165533459,0.07185455425501147,0.49921013482129306,0.5608466552336551,0.857814808065627,0.16175689232752266,0.2141555507541552
RFS,InD,METABRIC,MTLR,40,0.16871494714105809,0.17337921098645395,1.8,10.0,,0.6812700528075091,1.9360369808146023,0.057219387538307465,0.8210516170616333,0.6797443870546862,1.1862280637177773,0.05035585545428269,0.5613985086252223,0.6585773230661188,1.0155490188506668,0.08949168174962946,0.44237617592898165
RFS,InD,METABRIC,MTLR,41,0.1735289832120978,0.16772625622076598,1.6,10.0,,0.5826931313236485,1.8121413083213629,0.05174521091577239,0.335458260772996,0.6385440193019282,1.1979985238735227,0.08063007303777886,0.4363996686756802,0.6098552195781539,0.9874351443475577,0.14020268759753587,0.27957902492504255
RFS,InD,METABRIC,MTLR,42,0.18026748864029743,0.17822708855040678,1.8,10.0,,0.6257225388781895,1.8362271413694036,0.049363337296276226,0.7624108104220209,0.6824930423923471,1.237051656743285,0.08557696756991182,0.5253082241528579,0.6483889053249912,0.9649080732546085,0.13114390606015672,0.43843655463466313
RFS,InD,METABRIC,MTLR,43,0.18201920285154924,0.17217623869235948,1.8,10.0,,0.5438535106852119,2.8179159195474717,0.06772510859440413,0.2195666957420275,0.6662482719394925,1.4396067242041732,0.08313490913050606,0.44751482888088967,0.623206678564709,1.1477722901802527,0.15127487877443074,0.32758216831438824
RFS,InD,METABRIC,MTLR,44,0.18240773337971525,0.17263487353531765,1.6,10.0,,0.5254480667345427,3.2326911887415655,0.08069026557007777,0.0933604770267181,0.6471219140011888,1.6910526386118705,0.0922493627954722,0.39679324599293514,0.5841718478902882,1.1294055618491248,0.14162687819075015,0.24029980533845788
RFS,InD,METABRIC,PCHazard,40,0.19788888148612999,0.17337921098645395,1.8,10.0,,0.6075097515245611,0.46741390092411494,0.13481598463922229,0.4840063420328922,0.6190348343345301,0.838773801396034,0.0587373868765704,0.5098482468038081,0.6167314225294758,0.7817658359113374,0.16227375505355585,0.34067363767777475
RFS,InD,METABRIC,PCHazard,41,0.1919127679704129,0.16772625622076598,1.6,10.0,,0.6535697154174089,0.4691562849511755,0.13156763948441938,0.4670831848953402,0.6446821452124051,0.8754748827050544,0.07668069782069367,0.4166073479296057,0.614565063549368,0.7650992245228829,0.17124127785608392,0.3073989887752596
RFS,InD,METABRIC,PCHazard,42,0.18407931158790486,0.17822708855040678,1.8,10.0,,0.6522879360105149,0.7292653606801014,0.04967550136449064,0.5687995480164643,0.6304437547313518,1.5493499223738452,0.08446843850436987,0.46109938601670253,0.6444670335535723,1.0706826288634155,0.13777767688545284,0.3212499979221377
RFS,InD,METABRIC,PCHazard,43,0.1858166664009307,0.17217623869235948,1.8,10.0,,0.6401577733693838,0.41705130863366063,0.14633897564583018,0.6575888366152159,0.6421821549982636,0.843521040593355,0.05747893580623291,0.6275757384379004,0.6188774939015109,0.8441555928600136,0.14608750515595834,0.3127026147511696
RFS,InD,METABRIC,PCHazard,44,0.18788193844831402,0.17263487353531765,1.6,10.0,,0.6324264426331816,0.6592751199267322,0.07899901510869743,0.48728741222178346,0.6278203642427649,1.274811443081687,0.07254544591426701,0.441244972684918,0.5874360221400015,0.8904445225991333,0.15467182915882777,0.2810465060783308
RFS,InD,METABRIC,PMF,40,0.17400050141970075,0.17337921098645395,1.8,10.0,,0.4788618419609606,2.1970422053471053,0.06445563603024501,-0.16440293906186793,0.6576630478517733,1.0769447544107869,0.053833203412305186,0.5555979436718598,0.6276183716496769,1.0542274180142563,0.08731731380086637,0.46890901815002284
RFS,InD,METABRIC,PMF,41,0.17560120568684096,0.16772625622076598,1.6,10.0,,0.4361984950425275,2.408970345447093,0.0711159891803048,-0.3362237350009204,0.605101302491152,0.9684475569645858,0.07881914238120406,0.337143071211699,0.6310350025447503,0.900906747610966,0.0865982857606018,0.4993590040290999
RFS,InD,METABRIC,PMF,42,0.18502932726707513,0.17822708855040678,1.8,10.0,,0.6072936237639424,2.2159387457509863,0.059575297669715116,1.0543267766312594,0.662567831345693,1.3514411851031436,0.07097214970872794,0.5355312456625583,0.6070711357162901,1.2040611159347023,0.09459072396812707,0.40244386921002395
RFS,InD,METABRIC,PMF,43,0.1808109682332081,0.17217623869235948,1.8,10.0,,0.580866813548239,2.1275998203965516,0.055536340418289205,0.7289472671168852,0.6448699563009266,1.1543980303847072,0.08649324814213506,0.41155552024388203,0.6237976266115915,1.1100378593274352,0.10948264539763558,0.4659036887255104
RFS,InD,METABRIC,PMF,44,0.17961693754508423,0.17263487353531765,1.6,10.0,,0.4718446379764134,1.8855567306307017,0.06912085535819108,-0.10102758786633385,0.6375489703298676,1.3769770406659019,0.07442566740355287,0.4918347443869912,0.5752028353902153,0.9652355633339023,0.11465611013242505,0.31849059996268547
RFS,InD,METABRIC,RSF,40,0.16603315931502574,0.17337921098645395,1.8,10.0,,0.7109242608073465,0.9195382744600488,0.04983833006503126,3.1393209088397587,0.6832327659304667,0.9085988990778072,0.0648609734264194,2.63499478011521,0.6598670975551945,1.0002225716753865,0.05913744455969908,2.29357588684376
RFS,InD,METABRIC,RSF,41,0.16182515745463935,0.16772625622076598,1.6,10.0,,0.6870825532803215,1.0321883201200759,0.028099745039921596,1.8931885825717627,0.6579077378941416,0.9093247912726722,0.02827144392081258,1.7499627177588424,0.6097425194512681,0.8853329476747951,0.05064537616511476,1.3743155024845846
RFS,InD,METABRIC,RSF,42,0.17010499512075442,0.17822708855040678,1.8,10.0,,0.7140484397639317,0.9567631871427622,0.04147378131312434,2.282724917322774,0.6778769902339439,1.059859098415478,0.04763413000661033,1.8160035148877711,0.6332849739619679,1.0196732443746919,0.0477701302366761,1.6471562848580814
RFS,InD,METABRIC,RSF,43,0.1639242804896579,0.17217623869235948,1.8,10.0,,0.7256253319104229,0.9466542649487669,0.03413117309487841,2.0384590788991037,0.6746899933086844,0.9300542874491791,0.04205359281140371,1.7504323368656025,0.6156878480941912,1.020920487834465,0.038996705360500615,1.4877484539395722
RFS,InD,METABRIC,RSF,44,0.16687770155616022,0.17263487353531765,1.6,10.0,,0.6465829245914719,1.000478593123388,0.0171068733730953,1.4510711773349978,0.6579626955494404,1.0183695912289474,0.04426643296500482,1.7067602533758002,0.5907664153839034,0.9586830720718289,0.056289620559590636,1.3509674640408673
RFS,OOD,TCGA500,TabSurv_M,40,0.07418627302907717,0.0697234003493479,0.2,5.2,,0.6151365471518211,0.5010249355777067,0.08019493126585762,1.0083877113834463,0.6091750312337816,0.5823603149428179,0.1065127265615968,1.3639473941857136,0.6233058285173713,0.4758678645768518,0.22948570904016105,1.913914357477481
RFS,OOD,TCGA500,TabSurv_M,41,0.07281949085356412,0.0697234003493479,0.2,5.2,,0.6560649533802941,0.5098194161407252,0.07870471840973532,1.4380702003443733,0.6313831296880144,0.5733493142403456,0.10924439640156533,1.8193904722697936,0.5362466630807905,0.45830446148406756,0.2596307006936337,2.4743954229790788
RFS,OOD,TCGA500,TabSurv_M,42,0.07931007647296921,0.0697234003493479,0.2,5.2,,0.6121464325454131,0.4151346916383174,0.11576646088276488,1.227936163308313,0.5820307072410663,0.5233506888077091,0.13555822934466674,1.5619891510283939,0.5907446751796684,0.4455101681021983,0.27606201270303976,2.2657168780580874
RFS,OOD,TCGA500,TabSurv_M,43,0.07694379805704524,0.0697234003493479,0.2,5.2,,0.6346667425762278,0.4413405760241535,0.10181882384559951,1.3729551693095228,0.6145155789169495,0.5327512365512778,0.1265431239027434,1.7588874506491645,0.5945289239066787,0.45208619841948866,0.2626068016168656,2.556449919850684
RFS,OOD,TCGA500,TabSurv_M,44,0.07415911552587838,0.0697234003493479,0.2,5.2,,0.6600207230915428,0.48007861287453213,0.08880677964205763,1.4364087102003416,0.6374585429435438,0.5751591858397632,0.11303115735211809,1.6756123732760286,0.5921503529300409,0.46948782713102777,0.24269989748811063,2.2356541448668588
RFS,OOD,TCGA500,DeepHS,40,0.06988305655840966,0.0697234003493479,0.2,5.2,,0.6010306692884511,1.277330448963429,0.043039592712668634,0.02335670872656965,0.6466181356144749,0.9943607772086152,0.02819982370195203,1.4172098064260419,0.6534236382881174,0.6675901298597141,0.17134910710147228,1.906705602368386
RFS,OOD,TCGA500,DeepHS,41,0.07019557294837243,0.0697234003493479,0.2,5.2,,0.5178680433515213,1.4052433090864835,0.03216872426938804,0.2006337980486177,0.5867835628158987,1.1210329474957663,0.06142217880984512,0.860383433057947,0.5402171992809942,0.6213914103958809,0.13144200753003255,-0.09276583718756438
RFS,OOD,TCGA500,DeepHS,42,0.06949822916396035,0.0697234003493479,0.2,5.2,,0.5899361628171308,1.3286550606408407,0.027389279821334097,0.9542839591985446,0.5990469242967954,1.0272073845914305,0.03597431617220549,1.1868331531790859,0.6233706645219551,0.650532899816182,0.12082926751454216,1.3402534359088698
RFS,OOD,TCGA500,DeepHS,43,0.07041609221951918,0.0697234003493479,0.2,5.2,,0.5555002286590436,1.335002426102132,0.02158411514584698,0.4521602013391604,0.610736107175039,0.9559053402559656,0.02816604702914853,0.808007144156498,0.3632326499492249,0.585848972767857,0.1604081821107517,0.2656857431711237
RFS,OOD,TCGA500,DeepHS,44,0.07034255947901785,0.0697234003493479,0.2,5.2,,0.583534611083005,1.171733699724252,0.013822327084249318,0.9763808385107142,0.6187119836913291,1.0076561339313659,0.04029451501424982,1.2183512755794015,0.610500030152403,0.6270377127754782,0.12854351313600046,1.5020086563466577
RFS,OOD,TCGA500,DeepSurv,40,0.07142987931612413,0.0697234003493479,0.2,5.2,,0.6596962509386213,0.6437899873047664,0.04536440282233787,0.7660259909078354,0.5764419699752499,0.6558506702183571,0.08689393133628717,0.6057417172951189,0.3736291186619168,0.5088336380823162,0.23116710710395935,0.5084610511666101
RFS,OOD,TCGA500,DeepSurv,41,0.07588926714831826,0.0697234003493479,0.2,5.2,,0.5592463948615745,0.6523872399208983,0.05825798218543966,0.2910767065817754,0.597480524441029,0.5841812363098943,0.12872381286281137,0.32753115808005523,0.6184608610665376,0.45567308813938806,0.2583511160370426,0.28750694798586834
RFS,OOD,TCGA500,DeepSurv,42,0.06904157697895288,0.0697234003493479,0.2,5.2,,0.6497982547453527,0.7092007959036869,0.06483349899326593,0.7576289288586006,0.6458438310970622,0.6797218598767377,0.06926916934449975,0.7609989082117714,0.609488102569105,0.4920968671521329,0.22646712693432347,0.6921796233093425
RFS,OOD,TCGA500,DeepSurv,43,0.07466685363578149,0.0697234003493479,0.2,5.2,,0.5819480005629037,0.7456857492272696,0.05583618118904822,0.3285966171311285,0.5724479345921595,0.6606252580552601,0.10622141443266306,0.3066463535111446,0.6263436954163227,0.520246177331606,0.2376153082988711,0.24407225472149463
RFS,OOD,TCGA500,DeepSurv,44,0.07050243031873718,0.0697234003493479,0.2,5.2,,0.6384094345213933,0.7598626963521778,0.0478733156078623,0.6118889603003056,0.6279707509339816,0.7249351846106723,0.06886063511201433,0.5573459199531718,0.5725455355225338,0.524638517788903,0.18179442347925834,0.5097791943697247
RFS,OOD,TCGA500,ENCox,40,0.07701964051488144,0.0697234003493479,0.2,5.2,,0.7053457013004164,0.7061093733373344,0.03934282969430472,0.6659838673510836,0.637350480276017,0.6564179557999555,0.10317615764713194,0.5399654962389411,0.528793952003702,0.4795424477670229,0.2508467433729984,0.4998932533953041
RFS,OOD,TCGA500,ENCox,41,0.07051469989044219,0.0697234003493479,0.2,5.2,,0.5825086332946137,0.7615475863240396,0.02703358488249897,0.5276425877736075,0.6156147176207941,0.6545642985670277,0.077788562068059,0.7217298528610936,0.5432131644232361,0.48446883033435173,0.22152009032373055,0.5984172978459416
RFS,OOD,TCGA500,ENCox,42,0.06936684750550585,0.0697234003493479,0.2,5.2,,0.685262385658464,0.723717801206305,0.04268331135366181,2.4403842597291265,0.5790033844850212,0.7076193339085723,0.05735889655009808,1.781061165023457,0.7221704575777882,0.5199353675830521,0.22112479657974984,1.68236222537364
RFS,OOD,TCGA500,ENCox,43,0.0696953803999115,0.0697234003493479,0.2,5.2,,0.6756751020738193,0.6995961162182985,0.0462960272935507,1.0916870538608923,0.6128999930932506,0.630631590746531,0.08791920026840248,0.8909028396164396,0.5148623116943302,0.5020757856805843,0.20898857704180593,0.8438811662770851
RFS,OOD,TCGA500,ENCox,44,0.07138444873241026,0.0697234003493479,0.2,5.2,,0.708861045222255,0.7093756804313439,0.02968160718363061,0.817383116673299,0.6817487833945893,0.6811068046667773,0.06596163148173026,0.7100463028835055,0.5091114873356892,0.49481202897760956,0.2275619573020864,0.6380948105983562
RFS,OOD,TCGA500,LH,40,0.09420869581177453,0.0697234003493479,0.2,5.2,,0.5043153780871121,0.714866039664086,0.06157217938591131,0.1906635651106092,0.5451431879722765,0.5591586802616904,0.14644619604586687,0.43546362444023917,0.4992024187680675,0.4356226434586746,0.28783982087973503,0.4544036136783467
RFS,OOD,TCGA500,LH,41,0.08432991982825819,0.0697234003493479,0.2,5.2,,0.5505665897200731,0.7691406177104168,0.043068160217222325,0.28991183863519693,0.6131895918725967,0.6845866039148499,0.10758077076661965,0.44082842378805925,0.5488451239690632,0.3899398967981487,0.35277615293939907,0.38516915530535295
RFS,OOD,TCGA500,LH,42,0.08510433652136648,0.0697234003493479,0.2,5.2,,0.5777436387704676,0.8018757755404858,0.030781659468875375,0.3417922303669999,0.6365560903094315,0.580095530952379,0.11744351138264779,0.5105954128924646,0.5565563786741828,0.37708923618601325,0.34072904352519073,0.29476394645471055
RFS,OOD,TCGA500,LH,43,0.09449140778970333,0.0697234003493479,0.2,5.2,,0.4582733211404995,0.8744398552392912,0.05153494315582761,-0.29293819490337575,0.5257967737281298,0.6436715371883606,0.12068290977059812,0.18330125268556774,0.49044089847053407,0.4299667126676216,0.34568385021244996,0.16812606903144187
RFS,OOD,TCGA500,LH,44,0.07761017239245277,0.0697234003493479,0.2,5.2,,0.4653306610244789,0.9188725461964592,0.043705129387052816,-0.538283829673962,0.5142389411190542,0.874905150762982,0.07571002855363897,0.2981435993528551,0.42198959162173716,0.49109556698612833,0.242481941927564,0.4226050956472602
RFS,OOD,TCGA500,MTLR,40,0.07432192663551772,0.0697234003493479,0.2,5.2,,0.6731699810934263,1.2805360891141486,0.015861957740807203,0.8052041079750608,0.6487283386265082,0.8563111314419887,0.0725682871393438,0.6122955832186097,0.7999194463065287,0.5293458353906433,0.19410332365219737,0.7690513626457338
RFS,OOD,TCGA500,MTLR,41,0.07565136641621015,0.0697234003493479,0.2,5.2,,0.5262365045198488,1.3348825517700031,0.027759998700222603,0.16144889935579446,0.595917481707124,0.8537195538540662,0.10339681692177971,0.4457960206119688,0.603411237127079,0.4557416804083629,0.27403728317206927,0.4537433254922611
RFS,OOD,TCGA500,MTLR,42,0.08021056485943237,0.0697234003493479,0.2,5.2,,0.605888504650465,1.4233444431839053,0.03693491879276939,0.5107271339281082,0.6349615373696967,0.7616195160870117,0.12796347822454113,0.37044565686520475,0.6498310554865674,0.5093633630642966,0.22609602675332063,0.3874494946585095
RFS,OOD,TCGA500,MTLR,43,0.08279497152288481,0.0697234003493479,0.2,5.2,,0.5686486404907654,2.318541004310405,0.05238206451532618,0.25060740702293816,0.6080018276403238,0.9468319715287452,0.08848053184348788,0.29417380772594937,0.6685097444003765,0.6004683041392431,0.20380307165258738,0.3704405260430744
RFS,OOD,TCGA500,MTLR,44,0.07389661383298889,0.0697234003493479,0.2,5.2,,0.6037091494527177,2.4448762290938646,0.051029805789383924,0.5016117948669431,0.6257596510182462,1.2100563874539176,0.088869529748014,0.3921470582048283,0.4931761574969445,0.592981456018775,0.19114470256654292,0.35262357628092367
RFS,OOD,TCGA500,PCHazard,40,0.0848572182712517,0.0697234003493479,0.2,5.2,,0.5899520032515553,0.33287903530529406,0.1651769049794327,0.53215899914716,0.6394951221895941,0.6276020960749884,0.09490315814530004,0.6353107827475678,0.5282107067341686,0.408410152891536,0.29439818395573103,0.4965426745016886
RFS,OOD,TCGA500,PCHazard,41,0.0785214121655017,0.0697234003493479,0.2,5.2,,0.6528469323242962,0.3774219439409847,0.1359474183108976,0.6048299256769788,0.6523290921920291,0.7115822205649479,0.07288490836506918,0.599304364163154,0.7342951248245052,0.4441662620199636,0.26974946439286457,0.5826702105821744
RFS,OOD,TCGA500,PCHazard,42,0.07634064033207562,0.0697234003493479,0.2,5.2,,0.6414790511673032,0.4734032993722293,0.10255414952973071,0.4872200700878107,0.608837670556277,0.8925431507043942,0.07517596568126952,0.4789967212020056,0.5884489732473971,0.5098791129585607,0.26046040905078044,0.2819524369479101
RFS,OOD,TCGA500,PCHazard,43,0.08736868182537516,0.0697234003493479,0.2,5.2,,0.6192519151500493,0.32248072647871545,0.1727597429182795,0.4333428761323112,0.6348910322954537,0.607997375671943,0.100579266264762,0.491555945584599,0.49647568220654203,0.46593956276404946,0.292395673762938,0.34999413903066334
RFS,OOD,TCGA500,PCHazard,44,0.07757611642334884,0.0697234003493479,0.2,5.2,,0.5875965870254831,0.4980866929103053,0.10726168697086239,0.35368679604588754,0.5837171478818223,0.9390806249209145,0.0809091729804458,0.38634350712042387,0.6321836160444179,0.5274646104549727,0.1948363470999941,0.45700490592371834
RFS,OOD,TCGA500,PMF,40,0.08353177036878029,0.0697234003493479,0.2,5.2,,0.48476417693884694,1.5694885753022074,0.04056639430450243,0.0758557158441976,0.5981388321804579,0.7229538124509789,0.08976956958744663,0.41285672718934263,0.6005328762747368,0.49679330144671996,0.2212891495646081,0.3941526242567893
RFS,OOD,TCGA500,PMF,41,0.07868620667306025,0.0697234003493479,0.2,5.2,,0.39240503003596705,1.8864874888797094,0.059713799977970196,-1.00264581863174,0.5520065867127139,0.9022586280600705,0.1025710730043682,0.3391641831590854,0.5512503541460998,0.4973341378212563,0.21906673446984623,0.4680260106419561
RFS,OOD,TCGA500,PMF,42,0.07606564134839569,0.0697234003493479,0.2,5.2,,0.6327086132917936,1.6562077962707735,0.03949179726220313,0.8381728807305078,0.6157993152265513,0.8733567418053926,0.07030192224417024,0.4711041027873113,0.739132642973433,0.6024091526278295,0.15052284621642517,0.6433226537610053
RFS,OOD,TCGA500,PMF,43,0.0797968749068429,0.0697234003493479,0.2,5.2,,0.6120497809476447,1.6491249198259421,0.03246381106516686,1.0712637831155583,0.5485577753116444,0.8703559599528575,0.08005716520195381,0.29538747195049786,0.7261213145863032,0.5845041527434427,0.17164767610317777,0.3565052072890007
RFS,OOD,TCGA500,PMF,44,0.07813589301700391,0.0697234003493479,0.2,5.2,,0.3852038736441632,1.2433840071258335,0.04891643770017736,-0.610695952959965,0.5251514860644128,0.9468322871202967,0.08081341332080987,0.26316411862993166,0.6109338340419026,0.5361046149090146,0.19346761686586222,0.5058463013269301
RFS,OOD,TCGA500,RSF,40,0.07096235513938329,0.0697234003493479,0.2,5.2,,0.6935015152597719,0.613786250509686,0.04942477517171357,2.6039401975211,0.6292909979736852,0.6428910889935269,0.0804504463077403,2.1454629368109703,0.544433509049091,0.5290808394511338,0.1922101767371213,2.1793444120065
RFS,OOD,TCGA500,RSF,41,0.07030140347575689,0.0697234003493479,0.2,5.2,,0.6553574144828683,0.71340255830487,0.04328475153952044,1.362770950677266,0.6513009454109624,0.6364817068484666,0.0819533651298834,1.4496690276148922,0.6324397243630162,0.4839639845325405,0.22804179950092762,1.5202103182352222
RFS,OOD,TCGA500,RSF,42,0.07013775068333233,0.0697234003493479,0.2,5.2,,0.6428457822951268,0.6880587247113664,0.049495895619629963,1.3958037438534925,0.613109423238391,0.6842451867558931,0.06783181093984701,1.184508340307316,0.659670538364418,0.5140270846935352,0.20940488087801473,1.19959374038763
RFS,OOD,TCGA500,RSF,43,0.0718041077775029,0.0697234003493479,0.2,5.2,,0.6666867752961534,0.6804820857882207,0.06277097011226274,1.2166255116562972,0.6249702999588757,0.6361045386800657,0.09155339430260047,1.1805841018336247,0.6285677426877653,0.5220037491275076,0.18200369121511287,1.3718049944553494
RFS,OOD,TCGA500,RSF,44,0.06967704435760745,0.0697234003493479,0.2,5.2,,0.6632339151792428,0.6994114563059323,0.03430498110454786,1.8537450881194182,0.6190857840924775,0.6965501095725679,0.06592590512437019,1.7274919697512154,0.5873629962305249,0.5250317953172837,0.19915777958879777,1.9725147160035843
RFS,OOD,GEO,TabSurv_M,40,0.2215837882432802,0.2142882393590208,0.6,7.4,,0.6439095572436846,1.8226504217084014,0.15420145854989364,1.075912206110078,0.6445731072619856,1.4712600419000565,0.14280630289397653,1.133853934624546,0.5807801982761918,1.1255982112449527,0.059693564284224135,1.4882222642971241
RFS,OOD,GEO,TabSurv_M,41,0.22294698644567687,0.2142882393590208,0.6,7.4,,0.6648279697354159,1.9665639600946139,0.16840221093190275,1.3137058871515597,0.662018264631255,1.5508455940225168,0.16001827020191275,1.4272701531946579,0.626442251501858,1.14518609949747,0.07318223050065017,1.8282460991985763
RFS,OOD,GEO,TabSurv_M,42,0.22319065896300697,0.2142882393590208,0.6,7.4,,0.6722340554790213,1.8719537401983062,0.15991967988888248,1.3151690971864352,0.6683516774018211,1.5878071358145465,0.16643048521244908,1.3065960807088706,0.6080923274977159,1.1827728483273086,0.08647284815689155,1.651287257743285
RFS,OOD,GEO,TabSurv_M,43,0.21850915541390464,0.2142882393590208,0.6,7.4,,0.6544059559988198,1.716411118626448,0.14314436814565415,1.1265948249404396,0.6571339766502464,1.4287008790908073,0.13571028075227928,1.1209605938598548,0.5867421334722401,1.108911778876013,0.057471172217355884,1.4114135876108829
RFS,OOD,GEO,TabSurv_M,44,0.2208168393716671,0.2142882393590208,0.6,7.4,,0.6717036416023096,1.851647136602989,0.15747263987061635,1.0688187457367389,0.6655206669045725,1.5178254726677813,0.15303002873467622,1.0399692062732464,0.5777775988163656,1.1314307447188705,0.07990286904139182,1.3143687818631626
RFS,OOD,GEO,DeepHS,40,0.26668497618458487,0.2142882393590208,0.6,7.4,,0.5241015720673989,5.114714714103965,0.27329190267453085,0.005153217504636595,0.6116178998037317,2.801168633001978,0.2874389196446581,0.98321147235667,0.533546389747645,1.7328165752060918,0.23824297861861185,0.9437996230550735
RFS,OOD,GEO,DeepHS,41,0.27284152531964473,0.2142882393590208,0.6,7.4,,0.5693747028350993,5.388874415623147,0.2775154565166093,0.6320332019203921,0.6228252256088167,3.057114829550418,0.2991543745426765,0.7281508865671378,0.5217543638450496,1.5835683900673627,0.2097274261809647,0.2533145088206392
RFS,OOD,GEO,DeepHS,42,0.2693933959317497,0.2142882393590208,0.6,7.4,,0.5488638528086961,5.344251354547773,0.2764461075776053,0.4135039299372291,0.6170393910402511,2.8715401657308823,0.29119501101367434,0.7973724778718725,0.4916256970808234,1.6636840256582186,0.22910365286367074,0.9495502065494431
RFS,OOD,GEO,DeepHS,43,0.26495978083576943,0.2142882393590208,0.6,7.4,,0.5765693063871544,5.576464049014502,0.27931408242471906,0.47885580159545754,0.5858273250894865,2.64229208908032,0.2772319104295565,0.5153388024845295,0.5286025620798989,1.5116303711864791,0.1932618673395325,1.1135549177144317
RFS,OOD,GEO,DeepHS,44,0.2682087254140898,0.2142882393590208,0.6,7.4,,0.48993051831777357,5.068630312437845,0.2726983624619347,-0.06470291379666798,0.5901263702110131,2.8283759871366234,0.2861465407411162,0.33205819394914643,0.5095442024154857,1.630469690010059,0.22559129064805047,0.5607031289439198
RFS,OOD,GEO,DeepSurv,40,0.2446106048432223,0.2142882393590208,0.6,7.4,,0.603575234821386,2.652758257943117,0.21161955144065797,0.4777421990745229,0.6139692290649107,1.862550993573288,0.20549075447396453,0.44875309391004903,0.5581047090494755,1.301749797700212,0.1319847177020162,0.42469160270367223
RFS,OOD,GEO,DeepSurv,41,0.2461643270507754,0.2142882393590208,0.6,7.4,,0.6206893001948108,2.928673109722171,0.2233615949864454,0.39516653065606006,0.6021746318325505,1.759429895121259,0.1911803273658123,0.2877336590876078,0.5343584069336907,1.2073236519821733,0.1732341815007752,0.2683155254877595
RFS,OOD,GEO,DeepSurv,42,0.2434912258423024,0.2142882393590208,0.6,7.4,,0.6381671569121325,2.8240656766748797,0.2187980243000243,0.660172127485042,0.6318344307564076,1.8709643969803644,0.2075571422946466,0.5433631275387958,0.5616382494510014,1.2284655668614957,0.13500336680137537,0.47092547141468133
RFS,OOD,GEO,DeepSurv,43,0.2501434179155251,0.2142882393590208,0.6,7.4,,0.5850264398062754,2.8428204265979566,0.22051394282950804,0.29132389826622546,0.598255134525436,1.74699560569427,0.19060878116317256,0.2543830320259123,0.5198090021994061,1.2607577467585358,0.21032680698150952,0.21974812878351618
RFS,OOD,GEO,DeepSurv,44,0.25443091386718586,0.2142882393590208,0.6,7.4,,0.6043111121269169,3.231445251533215,0.23461451550378706,0.4104453635684759,0.6149555240632477,2.1030040262409457,0.2333572618558343,0.36088239788346094,0.5569300267692039,1.3481670740804497,0.18061031564078264,0.31206453878575696
RFS,OOD,GEO,ENCox,40,0.2572620199380274,0.2142882393590208,0.6,7.4,,0.5960826539881218,2.947881653943461,0.22452499555312183,0.3247429592117319,0.5711543115640036,1.8904320889388229,0.20939650786056915,0.2153035577845638,0.5018557169425646,1.2429607948794603,0.20327294639618784,0.18518667294107866
RFS,OOD,GEO,ENCox,41,0.24660106764507678,0.2142882393590208,0.6,7.4,,0.6157142613091118,3.140403768398589,0.23265261887346303,0.9750395892556392,0.5922600141450719,1.8666322878360704,0.20668095870418957,0.7368242982854907,0.5749472990991888,1.2517512207136723,0.11284374167727797,0.7355462751202726
RFS,OOD,GEO,ENCox,42,0.253150775697058,0.2142882393590208,0.6,7.4,,0.6101396711380365,2.9769974663099994,0.22545866072652426,1.6217867791264002,0.5976434590655841,2.016759042664667,0.2230697615261384,1.2405553905051323,0.5409025382993765,1.345366760767943,0.14747615909407416,1.167652842539119
RFS,OOD,GEO,ENCox,43,0.2402845733007929,0.2142882393590208,0.6,7.4,,0.6296783176281199,2.9242535022452283,0.22479007351059632,0.9162107696366864,0.6417522684718935,1.814903046670731,0.20110614458733717,0.8325926004313232,0.6017064571141022,1.301678401702992,0.13037221128467633,0.799898120731362
RFS,OOD,GEO,ENCox,44,0.2540445337047825,0.2142882393590208,0.6,7.4,,0.5837088207236427,3.09054714424613,0.23091343301414047,0.35975847586542126,0.5682440515631975,2.0115170941833127,0.2244149141224236,0.27158430444305026,0.5216240147981547,1.2881954450392867,0.1536148303852457,0.2737073701790407
RFS,OOD,GEO,LH,40,0.24666854852407774,0.2142882393590208,0.6,7.4,,0.4623683227980639,3.1325665506550187,0.23200432667792653,-0.26027248974134143,0.532690043441445,1.7608527717147777,0.19315032466115953,0.1413244332660565,0.5637294939717457,1.215205191958889,0.19578121144526833,0.16526936225884042
RFS,OOD,GEO,LH,41,0.23621142922021648,0.2142882393590208,0.6,7.4,,0.6196233547461953,3.0500465098209517,0.22894389446448155,0.6361510651103911,0.6438720036842862,1.8923981135212407,0.21223834852231582,0.4696324651600324,0.6125906967438495,0.978559995781178,0.1675637987245544,0.3311316987955699
RFS,OOD,GEO,LH,42,0.24220266675176105,0.2142882393590208,0.6,7.4,,0.5130775983554885,3.265328127851271,0.23587996801181021,0.07550962158009418,0.614403249410209,1.693468629217046,0.18332051836116997,0.33963059963341224,0.500472366511373,0.9911375090506122,0.19365935019310623,0.26166433865998645
RFS,OOD,GEO,LH,43,0.25304641520204085,0.2142882393590208,0.6,7.4,,0.49377559975303775,3.6765489863341316,0.24733061322340757,-0.022562512199363335,0.5887576046992848,1.929897924586978,0.21498665802125644,0.24168766770730704,0.5515378318230801,1.1250880761215472,0.21226106373982093,0.2500724625547936
RFS,OOD,GEO,LH,44,0.26156292703403455,0.2142882393590208,0.6,7.4,,0.5185202630498684,3.804982923946378,0.2506554385979987,0.10807666068773819,0.5648625916216732,2.5919875035895164,0.27298535199421015,0.2620960157572977,0.5310099140601384,1.3746042448867615,0.22479748092427612,0.20160968799812334
RFS,OOD,GEO,MTLR,40,0.2567369711708236,0.2142882393590208,0.6,7.4,,0.621311757600987,5.118061891128056,0.2740682349377018,0.5058714879781008,0.6399552779889446,2.4823569014320177,0.2660332721446603,0.34521908248188793,0.5955954824418485,1.413161493311899,0.1898684096731493,0.3236949291479244
RFS,OOD,GEO,MTLR,41,0.2590590475990633,0.2142882393590208,0.6,7.4,,0.5842850536044787,5.788810146034982,0.281667007228288,0.41140521154864196,0.6274461067007605,2.450726213671437,0.26390111216509804,0.3985487927797521,0.5494611552472054,1.1862221777930047,0.16328170630685784,0.2762683873251882
RFS,OOD,GEO,MTLR,42,0.26422750821183977,0.2142882393590208,0.6,7.4,,0.571679109342422,5.800254185493337,0.28137768566316756,0.3027809692807457,0.615535495808005,2.2577104122307126,0.24797126641958034,0.22046655363937298,0.5260525324714641,1.2882488898438944,0.21951987829210945,0.22689238391634978
RFS,OOD,GEO,MTLR,43,0.2729414839401087,0.2142882393590208,0.6,7.4,,0.5664138392878373,9.746924999554142,0.30462662058319845,0.44018398565329897,0.632913089093036,2.7163350916770668,0.2822056751248385,0.2554493030784116,0.5544522500118474,1.5713383639911223,0.24568836445502243,0.23716524816822487
RFS,OOD,GEO,MTLR,44,0.2811402433623563,0.2142882393590208,0.6,7.4,,0.567429661065342,9.683131108396152,0.30472289478951126,0.3278998687410851,0.6325005164978909,3.5471401887978704,0.32035568190461494,0.2974850662927879,0.571464701104412,1.585446607744296,0.2370698995810338,0.2267106500240106
RFS,OOD,GEO,PCHazard,40,0.24767522251745314,0.2142882393590208,0.6,7.4,,0.569364988824365,1.3839107709435763,0.12739070583975645,0.28804891509061675,0.5420191333035801,1.8085340240718308,0.20680220182249648,0.19918312970340135,0.5763604291330472,1.042961266931453,0.18310612173627308,0.16696002411892066
RFS,OOD,GEO,PCHazard,41,0.2513438112952097,0.2142882393590208,0.6,7.4,,0.6299187509689668,1.534353760274037,0.12460624154413925,0.4469496083674018,0.613657347630933,2.00513720875671,0.224407087902017,0.3658727389576408,0.5725964222709948,1.1275407875259698,0.20674732869333498,0.29813918431784414
RFS,OOD,GEO,PCHazard,42,0.2624890119277415,0.2142882393590208,0.6,7.4,,0.6395703242668445,2.1068973117978302,0.17930239699198597,0.5026146446551816,0.6389433130748476,2.7533534340612538,0.2833542807712104,0.4206791818330714,0.5494593610660012,1.3995271589199985,0.2297550437105321,0.28453273368108106
RFS,OOD,GEO,PCHazard,43,0.2437684767566974,0.2142882393590208,0.6,7.4,,0.6071198523754151,1.2973079755359662,0.09545816681359037,0.41094416360167874,0.6155981321227217,1.6953590236578915,0.18479230814374964,0.3604906332698793,0.5618893119507244,1.1951518018736491,0.20944330720592702,0.24382648317681377
RFS,OOD,GEO,PCHazard,44,0.25945815957883933,0.2142882393590208,0.6,7.4,,0.6246043405683032,1.9742540691865302,0.16868888393685125,0.3801263384247843,0.6196207468271664,2.5800114655164252,0.2734236310644959,0.2848470038181908,0.5552188825564786,1.3977803543969898,0.24965079931669476,0.270092145005133
RFS,OOD,GEO,PMF,40,0.2510515322774119,0.2142882393590208,0.6,7.4,,0.5261627019329832,6.1810607194755836,0.284458426431779,0.22028404023542952,0.6305646617261587,2.125879084520501,0.23653407115414204,0.4145333729425105,0.5846890042535237,1.4196274887700406,0.194001070980824,0.42534492844979765
RFS,OOD,GEO,PMF,41,0.26822454964907416,0.2142882393590208,0.6,7.4,,0.5126399223868432,7.6409823219758595,0.29575158927318185,0.15415550699854516,0.6113755423658004,2.629412718215416,0.2753720413952305,0.2995392325990008,0.5646663101589305,1.2889374523056285,0.18302202473861454,0.3328715226926947
RFS,OOD,GEO,PMF,42,0.2635848528147801,0.2142882393590208,0.6,7.4,,0.5325236693725528,6.773367798428584,0.29003651795117735,0.16257594588580698,0.634603680422725,2.416665697031854,0.26179184296053676,0.31665392499578654,0.5900095888279462,1.5187964418739746,0.19667937782259703,0.39759842907850856
RFS,OOD,GEO,PMF,43,0.26529247225100305,0.2142882393590208,0.6,7.4,,0.5191315663469089,6.578683053021338,0.28775447841188556,0.25331145829383056,0.6180456502376437,2.4416544211048707,0.2630152869397619,0.30666831347199297,0.5659628129108775,1.5000069018881748,0.20482599685708505,0.3978553330010891
RFS,OOD,GEO,PMF,44,0.2650671189211179,0.2142882393590208,0.6,7.4,,0.4890611974505146,5.156848109287638,0.2738439470907621,0.030938349365683026,0.576198255324747,2.633303449368018,0.275685897610159,0.2191187935565836,0.6109568557484318,1.4296934245927877,0.18870021104371287,0.3474414768770732
RFS,OOD,GEO,RSF,40,0.24506183258314485,0.2142882393590208,0.6,7.4,,0.6409565656459931,2.5779210915794515,0.20811650988219182,2.296308062463924,0.6440978352135045,1.8597873592739091,0.20709693008688737,1.8168923697625143,0.6636163786037179,1.3821190310931857,0.1531199855850762,1.8655867006437663
RFS,OOD,GEO,RSF,41,0.24438299259240923,0.2142882393590208,0.6,7.4,,0.6197675791955317,2.9795860200942763,0.22654020899744973,1.265015646160949,0.6146876041858115,1.8421694012800152,0.20392287175171556,1.1717168523039574,0.6072594588984077,1.264872956568479,0.11399339144621648,1.3087145542485747
RFS,OOD,GEO,RSF,42,0.25017552129507153,0.2142882393590208,0.6,7.4,,0.6323887419910452,2.88543248640706,0.22294199620456306,1.4498125319140807,0.6352368669464189,1.9795078306329346,0.22172418669149585,1.193509711046003,0.5802052254495351,1.3408996431015234,0.1460882216321326,1.2839790970027822
RFS,OOD,GEO,RSF,43,0.2427887704344457,0.2142882393590208,0.6,7.4,,0.6367264578978862,2.8388886285376453,0.2210985852100483,1.0872727301683556,0.6476962401785598,1.8248703859334863,0.20147110440208865,1.0901207918585645,0.6023437534972502,1.3558543693985938,0.14928238467841057,1.2652969838789807
RFS,OOD,GEO,RSF,44,0.24991185831450005,0.2142882393590208,0.6,7.4,,0.6301769546628402,2.893568066617929,0.22327386290033194,1.4130239735628716,0.6304937307862984,1.9931080069443161,0.22243847664630098,1.2536144349054927,0.5510326104726768,1.3635037910701735,0.15182387485056792,1.100367030480279
RFS,OOD,GSE6532,TabSurv_M,40,0.16141620571614532,0.16988250102637875,0.8,10.0,,0.6885101619548633,1.0730793670400198,0.019096837740262,1.8362724839071936,0.6688377408816258,0.9593927717364916,0.04678428729781442,2.0021340064503956,0.6420233916035083,0.784681351709512,0.098121029856134,2.2857313236783248
RFS,OOD,GSE6532,TabSurv_M,41,0.1582346197469059,0.16988250102637875,0.8,10.0,,0.7110236001239241,1.1164445463004564,0.03858051121148912,2.068044699134071,0.7097212601020054,0.9819811120355513,0.061991430599429576,2.4827392381857574,0.688239678061795,0.7846685248621439,0.11217737092659984,3.0237171013187
RFS,OOD,GSE6532,TabSurv_M,42,0.15739085749920476,0.16988250102637875,0.8,10.0,,0.7171123478453958,1.1172488561153429,0.04843585829156282,2.151855779905683,0.7231932746808749,1.0844861061264164,0.06705126429949514,2.3781808617236444,0.7005519981389302,0.8690280442933753,0.07886995277496005,2.7775061491511117
RFS,OOD,GSE6532,TabSurv_M,43,0.15614604665755777,0.16988250102637875,0.8,10.0,,0.7369829190406494,1.2784113855656176,0.05324776539919031,1.989459794786105,0.7322676846694468,1.1415681846821877,0.06531672088113694,2.2856773914476083,0.6992072591566982,0.8847798488394338,0.07611624922319549,2.8283458714147796
RFS,OOD,GSE6532,TabSurv_M,44,0.15871040122420377,0.16988250102637875,0.8,10.0,,0.7158373094598263,1.0306754718771853,0.04111673970286616,1.9434060732960068,0.7091523497047569,0.960936555665753,0.04346671143073796,2.0954385086365046,0.68568036271307,0.781821970000296,0.10858071126652973,2.384934112274052
RFS,OOD,GSE6532,DeepHS,40,0.16831342115061754,0.16988250102637875,0.8,10.0,,0.5286750735668151,2.267606615579236,0.08799344665682739,0.4798115099353198,0.7194626093546623,1.540952049319312,0.10389834822563154,2.7292260929845624,0.639985609784392,1.074830412516201,0.09314996807937931,2.7089280700878406
RFS,OOD,GSE6532,DeepHS,41,0.16957423339562108,0.16988250102637875,0.8,10.0,,0.6468908689442386,2.4818979067516267,0.09782702176695432,1.423933288451425,0.6988527019479582,1.7339045434069806,0.11788984193178996,1.7057753518549448,0.6233939245030995,0.990394277024189,0.04119951604626349,1.709361976313442
RFS,OOD,GSE6532,DeepHS,42,0.16926134613615587,0.16988250102637875,0.8,10.0,,0.6516863691105671,2.4134983863666917,0.09244795599108549,1.5880995938979827,0.7051054964972647,1.577211825153308,0.09679584479566468,2.240992788637439,0.6212581836850813,1.050775383988265,0.06839959122223013,3.6281544087223043
RFS,OOD,GSE6532,DeepHS,43,0.16664016223190026,0.16988250102637875,0.8,10.0,,0.5053781992000029,2.5670770754237453,0.09628350702538861,0.13943955206846417,0.6554829020918979,1.4179964621757915,0.07384854234938396,1.162518373661058,0.5966372701172896,0.9337902416856615,0.06279074252391503,2.180046257063997
RFS,OOD,GSE6532,DeepHS,44,0.1670842088091669,0.16988250102637875,0.8,10.0,,0.5767994805334766,2.1906077933241903,0.0863159956812682,1.3570690286581475,0.6868106796796212,1.512673302973587,0.08743770883753439,1.843894161348196,0.6028834849787479,1.0130266320787213,0.043583150853753416,2.745261697119032
RFS,OOD,GSE6532,DeepSurv,40,0.16638591794098606,0.16988250102637875,0.8,10.0,,0.61861603554366,1.2373832318268063,0.042308580283124744,0.7284902156601277,0.6171475506422223,1.0280505815162788,0.05681121037346686,0.6308409589160701,0.6114038623197808,0.8247200212558132,0.11005464455218449,0.6034824925809245
RFS,OOD,GSE6532,DeepSurv,41,0.15877102172376084,0.16988250102637875,0.8,10.0,,0.7174915341169548,1.3464820884573176,0.052602266703856336,1.1013977491598248,0.698600616802585,0.9507835468097727,0.016807135820841312,0.9240269789506644,0.6949583352059326,0.7464339032023921,0.11953875882324137,0.8529978309217283
RFS,OOD,GSE6532,DeepSurv,42,0.15941029710378185,0.16988250102637875,0.8,10.0,,0.7153586774866021,1.35117571840406,0.05307589269445343,1.459344047830982,0.6896584144539512,1.056549429589123,0.04600492906870614,1.1472495361025217,0.6838108481056794,0.790989792839424,0.09121294039513943,0.9441059383379905
RFS,OOD,GSE6532,DeepSurv,43,0.1602062484620966,0.16988250102637875,0.8,10.0,,0.7222302696824856,1.2389302622567882,0.034273760241076985,1.0779012918140647,0.690516204907797,0.9082841132645281,0.07657887062507063,0.8028532301907945,0.6689446764902257,0.7618027291890512,0.11240463291137602,0.6837108181659932
RFS,OOD,GSE6532,DeepSurv,44,0.16031077090304202,0.16988250102637875,0.8,10.0,,0.6645659679017552,1.4508758157256667,0.04870400086404805,0.8779570452583492,0.686282915221569,1.1265232800069733,0.028057915062558097,0.8962287996580253,0.6547720986274725,0.8385754817901535,0.09053944708423718,0.738149286368267
RFS,OOD,GSE6532,ENCox,40,0.18584176084291743,0.16988250102637875,0.8,10.0,,0.6027572405497751,1.4220772144029745,0.055677921129682215,0.4619913018357118,0.5790025783343047,1.0718914834923736,0.08023441983271218,0.3360700953474348,0.5587787116870554,0.7973653084517436,0.15183100832862398,0.25495745403699155
RFS,OOD,GSE6532,ENCox,41,0.16249160320615352,0.16988250102637875,0.8,10.0,,0.6747176677241336,1.4480370724061882,0.04815547504217199,1.591713018781973,0.6758906444112112,1.0236468061624715,0.040253448757415905,1.4212081045872262,0.6303894040600904,0.7947064899815345,0.09696112605616324,1.1363942517828027
RFS,OOD,GSE6532,ENCox,42,0.1645724533652308,0.16988250102637875,0.8,10.0,,0.699745315626461,1.3792081913262075,0.06594661433528677,2.7660739954379823,0.6777776389033128,1.1094826640450577,0.07377697076294612,2.419680874700336,0.6078773413687271,0.8548804302219395,0.06727338350985368,2.0351730174495914
RFS,OOD,GSE6532,ENCox,43,0.1611916758880094,0.16988250102637875,0.8,10.0,,0.6464837489975055,1.349093031039577,0.04654590975511678,1.2721823498495606,0.6503275847085834,0.9959324033912631,0.017110186159023565,1.166228788303161,0.6275600677299197,0.8267363445740304,0.07484706586157747,0.9450291518234551
RFS,OOD,GSE6532,ENCox,44,0.17426838982801882,0.16988250102637875,0.8,10.0,,0.6424399533370038,1.400912810491388,0.04502974040664744,0.6422669828190849,0.6128317275675985,1.090501455724919,0.06951014706442597,0.49441653455834556,0.6125701806088226,0.8141773166108359,0.1071014068901686,0.3932797286467936
RFS,OOD,GSE6532,LH,40,0.1749747797431362,0.16988250102637875,0.8,10.0,,0.5057475477148408,1.4808525848524936,0.059721712512513125,0.022620207815946067,0.6038912775725838,0.9594175004559249,0.044098902238659955,0.6432540325126694,0.6109655706665971,0.7620259744277208,0.1489629032788262,0.4558356744009471
RFS,OOD,GSE6532,LH,41,0.16826430215482432,0.16988250102637875,0.8,10.0,,0.5786746342032781,1.4467123227227965,0.04952117483587569,0.41343299590609767,0.5867734990323321,1.1040023447158358,0.07400402208004582,0.5267388557818562,0.6683192431404376,0.6182049901332304,0.22667967738120293,0.5972980662462165
RFS,OOD,GSE6532,LH,42,0.17046001141589184,0.16988250102637875,0.8,10.0,,0.5370036863318217,1.4125637635300126,0.048307925139003824,0.3029642283528093,0.6788577976013546,0.8843696812103443,0.04845511377039608,0.5191848814996414,0.6593355371023257,0.6261221529905677,0.21581634783214376,0.45619043867600645
RFS,OOD,GSE6532,LH,43,0.18009860816847192,0.16988250102637875,0.8,10.0,,0.48382162296405573,1.5699657677747207,0.0632870072477111,-0.2071776112725371,0.6199181869572796,0.9984103196165858,0.0994520203573146,0.3911384527119517,0.6743444730264367,0.6682795188034618,0.21310976026158904,0.3805594635868148
RFS,OOD,GSE6532,LH,44,0.17036016762639924,0.16988250102637875,0.8,10.0,,0.5070528068777267,1.7099501008480162,0.06561560152210875,0.31296293014118926,0.5430163518341015,1.3897891084540264,0.07834073933730609,0.5595042503259842,0.6117787697212799,0.8694088995489139,0.13206348696923553,0.4069569330591496
RFS,OOD,GSE6532,MTLR,40,0.16416345777337993,0.16988250102637875,0.8,10.0,,0.5961343026423396,2.388586454568485,0.09255548054620984,0.5832087973267578,0.6820692807892829,1.4395945445301448,0.07734860169521095,0.7284957512149326,0.6283342105926197,0.8998887201704578,0.07652926823419419,0.6471293412827325
RFS,OOD,GSE6532,MTLR,41,0.16966857978507327,0.16988250102637875,0.8,10.0,,0.5080349858014492,2.710668773246252,0.09854491929649627,0.01930787192159501,0.6183727233274493,1.468799894144838,0.08046420205644043,0.5295604143724126,0.6541584230176043,0.7471891395123319,0.1626455057688409,0.5597989398251855
RFS,OOD,GSE6532,MTLR,42,0.17451830111255578,0.16988250102637875,0.8,10.0,,0.640480388507143,2.659698113088242,0.09871339556082831,0.6918881671663992,0.6846095758804007,1.272970573774797,0.11553751348746143,0.4785954208341289,0.6429068804660366,0.8974535915596331,0.13005141038673257,0.47811095666560866
RFS,OOD,GSE6532,MTLR,43,0.1688839202192708,0.16988250102637875,0.8,10.0,,0.6207194581590745,4.127656063890531,0.12010654156696646,0.9618917433874086,0.7000058599793585,1.449488690787628,0.07831682900857567,0.5519371916504361,0.6748806546257302,0.9048707036619078,0.08251120789364776,0.482373733935401
RFS,OOD,GSE6532,MTLR,44,0.16994010477152877,0.16988250102637875,0.8,10.0,,0.6179897483358057,4.375375095081678,0.12169762928301524,0.7535113781702302,0.6980722561651286,2.099052650372207,0.12851648133175989,0.699309126641539,0.6612457070237963,0.9997605700085205,0.09340883108870798,0.4935291359163985
RFS,OOD,GSE6532,PCHazard,40,0.19988855997402888,0.16988250102637875,0.8,10.0,,0.5950560450509298,0.6353264044231991,0.09695781259590103,0.5912434318790153,0.5611018358670018,0.9853518949708626,0.08435096332221943,0.4896706944465955,0.5908953081886725,0.6519552914863762,0.2280085122065852,0.38853952968511973
RFS,OOD,GSE6532,PCHazard,41,0.17722031158475984,0.16988250102637875,0.8,10.0,,0.6355306101147169,0.6891137465515685,0.08245016745876285,0.6301026185803792,0.6126626267433617,1.068772730501462,0.06949459250243116,0.5516263422099885,0.6367024846822031,0.6720078448896545,0.20053919059904318,0.5181865386304321
RFS,OOD,GSE6532,PCHazard,42,0.16876395033762212,0.16988250102637875,0.8,10.0,,0.6854110925771351,0.9489954946433237,0.03154665311677175,0.7930814057678383,0.6840443254959945,1.4718332221916146,0.07815674175064224,0.7057949508910373,0.6603919733933549,0.8885788246087671,0.12295403756502225,0.5150029023583016
RFS,OOD,GSE6532,PCHazard,43,0.17781309570224374,0.16988250102637875,0.8,10.0,,0.6571992835138849,0.5733633367944342,0.11675564091156913,0.9153393301207394,0.63131669722831,0.8892510156730119,0.05658724383004249,0.7224362838710262,0.6674856625304689,0.6962107195881528,0.16287534908758589,0.4662738202523364
RFS,OOD,GSE6532,PCHazard,44,0.17488668394380835,0.16988250102637875,0.8,10.0,,0.5994693166022651,0.9207921945074391,0.053573927293179543,0.47531357278697245,0.6042657650074854,1.4280916508672556,0.0742031523806784,0.4603420707497168,0.6100960825302463,0.8783804274021657,0.15153804787572353,0.38504688888295585
RFS,OOD,GSE6532,PMF,40,0.16194142946386694,0.16988250102637875,0.8,10.0,,0.4472020931507998,2.85669455539053,0.10252788565210204,-0.947485322586599,0.6903045644740732,1.2086549978114067,0.05859848956856073,0.7168982958272134,0.6371944078171516,0.8801480301581637,0.05799983232954327,0.8639374287362042
RFS,OOD,GSE6532,PMF,41,0.16816568188889758,0.16988250102637875,0.8,10.0,,0.4349611233197101,3.531287160227051,0.11323126736977927,-0.9585687486734811,0.5988731531172303,1.406512449505655,0.10861179246019784,0.4434187064492196,0.6478937915156736,0.8303348626060962,0.07129952105238319,1.0019159702489604
RFS,OOD,GSE6532,PMF,42,0.1705291597916694,0.16988250102637875,0.8,10.0,,0.48964700743050726,2.981673319220606,0.10434711634586176,-0.4446725489900458,0.6825851818541915,1.2907303119587732,0.09547455472573652,0.6073411784945195,0.5999447666809812,0.9686440058022247,0.05799058308548628,0.6692686700112824
RFS,OOD,GSE6532,PMF,43,0.16426502748466315,0.16988250102637875,0.8,10.0,,0.4161033488080468,2.9457967883894836,0.10435776366598144,-0.47881606341140254,0.7036287445958167,1.257602672762135,0.07203219226778286,0.6643299367573609,0.6298709712259917,0.9022683429719726,0.07974472732641874,0.7793905337138761
RFS,OOD,GSE6532,PMF,44,0.16799807154725308,0.16988250102637875,0.8,10.0,,0.4266280813746205,2.293007429209644,0.08850993604880937,-0.536135103268395,0.6610008735828994,1.5235786520934438,0.08471951007661668,0.6931346803446893,0.6547241634727614,0.9318876394748573,0.10485465734801316,0.6597683046738971
RFS,OOD,GSE6532,RSF,40,0.16725006636119558,0.16988250102637875,0.8,10.0,,0.6541476167842852,1.2545173052664087,0.04390854967508007,2.5981501057255096,0.6455652972130146,1.0736619663031928,0.04015235332015413,2.14136454022911,0.5020314561496495,0.9139720012038116,0.04386067958055932,1.3365520053795108
RFS,OOD,GSE6532,RSF,41,0.16759751186325106,0.16988250102637875,0.8,10.0,,0.6442124120126983,1.476756519362243,0.05105365739612918,1.5198524390371786,0.6287437921487922,1.0711997829334288,0.032720737660058306,1.4793350980664937,0.5146455653876593,0.845774652884628,0.06616290372630687,1.2370365530976548
RFS,OOD,GSE6532,RSF,42,0.16541294220751285,0.16988250102637875,0.8,10.0,,0.6539631904285441,1.4125786087733039,0.05369210338905883,1.9597845338547664,0.6547081588348627,1.148066873839707,0.05180223066384491,1.8662741344750993,0.5628740349962903,0.886653176058875,0.05828388276626118,1.7426000666615562
RFS,OOD,GSE6532,RSF,43,0.16400714626904425,0.16988250102637875,0.8,10.0,,0.6777676870346101,1.3998752719334568,0.06619550055043746,1.749124688245621,0.6762971608066679,1.066341409255915,0.05270306433513726,1.8243789667082557,0.554042844548287,0.9071455087746075,0.036099949901289834,1.4562813414934856
RFS,OOD,GSE6532,RSF,44,0.16679380914570144,0.16988250102637875,0.8,10.0,,0.6633358634780202,1.4127229090560065,0.048603335667992534,2.0535076529746825,0.6415437054034274,1.1549347787017645,0.05315013731357238,1.8104211251312134,0.5343921117646679,0.9067852164146678,0.06391271597640374,1.3877002473707358
RFS,OOD,GSE19783,TabSurv_M,40,0.18008538079829797,0.19040390297056867,1.6,9.4,,0.7348684210526316,1.2763600055331192,0.08822881272344876,1.3710265433264255,0.6519114688128772,1.1202674504778047,0.07898151633715385,1.1278921176785757,0.5561760795577801,0.9744219703364246,0.06106360516850912,1.1453506206708017
RFS,OOD,GSE19783,TabSurv_M,41,0.1811616231193337,0.19040390297056867,1.6,9.4,,0.7052631578947368,1.1989973301727492,0.05073143617071287,1.3166653404773334,0.6488933601609658,1.043747150404508,0.04891547891828745,1.1818176575552821,0.5351495902206951,0.9115185464457948,0.07484601150630124,1.5009159396336893
RFS,OOD,GSE19783,TabSurv_M,42,0.17635911310734262,0.19040390297056867,1.6,9.4,,0.7539473684210526,1.1676764214951267,0.06713298234072597,1.7522578319640725,0.6790744466800805,1.1188049180693074,0.08304295154532994,1.5185146150742155,0.527990026539154,0.9919570088014239,0.10980753189823403,1.4379653553278646
RFS,OOD,GSE19783,TabSurv_M,43,0.182662746506771,0.19040390297056867,1.6,9.4,,0.7184210526315788,1.131745340463899,0.043471706636024246,1.42326367125225,0.6302816901408451,1.0338347032720487,0.07173742429174554,1.0665602605487747,0.5145081272263092,0.9343885281717603,0.07788900284406287,0.9224100454983983
RFS,OOD,GSE19783,TabSurv_M,44,0.17442862192496494,0.19040390297056867,1.6,9.4,,0.7894736842105263,1.0584412117593467,0.05732684966289634,1.875161393587174,0.6881287726358148,0.9891272176439897,0.05298081251105877,1.3047773875776647,0.5254282894840993,0.8946367473744572,0.05372574057898685,1.2756928403442918
RFS,OOD,GSE19783,DeepHS,40,0.19993521440661155,0.19040390297056867,1.6,9.4,,0.6381578947368421,2.930917373151485,0.12643826308876574,0.9468738059649063,0.6519114688128773,1.7932077118222707,0.1251062961539837,1.5509644565238028,0.5306555730310668,1.340183874457345,0.1174353588930199,1.8004923307554666
RFS,OOD,GSE19783,DeepHS,41,0.2029595521646035,0.19040390297056867,1.6,9.4,,0.6486842105263158,3.1652593578118267,0.13372606580907653,1.543921846263915,0.5809859154929577,2.001601512838732,0.14152728909193868,0.8454440340342804,0.4562106763171045,1.2433994526008247,0.08811141864019804,0.2936921754891464
RFS,OOD,GSE19783,DeepHS,42,0.19939788567392325,0.19040390297056867,1.6,9.4,,0.47105263157894733,3.01270152970301,0.14853839922432951,-0.35570977359800104,0.6398390342052314,1.841376775608097,0.12923218746377962,1.4490433110742145,0.5798517321293561,1.2941701963337622,0.14649633569978876,2.651101213813426
RFS,OOD,GSE19783,DeepHS,43,0.2001099438753657,0.19040390297056867,1.6,9.4,,0.6598684210526315,3.1593647118640544,0.13157080279456246,1.643871024341825,0.5382293762575453,1.7512127830042905,0.121324046693667,0.33357875195814074,0.34347202412565975,1.167760091460543,0.06359538238601102,0.941360121360224
RFS,OOD,GSE19783,DeepHS,44,0.19802551941348703,0.19040390297056867,1.6,9.4,,0.6368421052631579,2.86071987986034,0.12759894313234274,1.75427214068914,0.6252515090543259,1.8745409707083887,0.13556893546171864,0.9235974443521467,0.6024031958857454,1.2537405528938337,0.11704854494867825,2.0187482266657613
RFS,OOD,GSE19783,DeepSurv,40,0.18554177626402696,0.19040390297056867,1.6,9.4,,0.6460526315789473,1.480332436729575,0.0846102767520481,0.862563372867125,0.6066398390342053,1.1712941261978762,0.06644993027051288,0.6030014247895333,0.46974516308983755,0.9948659406837441,0.08434882988286084,0.6892818434165132
RFS,OOD,GSE19783,DeepSurv,41,0.19383081166952998,0.19040390297056867,1.6,9.4,,0.5289473684210526,1.8103370497478295,0.08960044323795978,0.2018150911651895,0.6011066398390342,1.2042232146530114,0.06840058799945946,0.4018194896254253,0.523325931486307,0.987394020220546,0.1195415168248042,0.3648782757163667
RFS,OOD,GSE19783,DeepSurv,42,0.1852847875682257,0.19040390297056867,1.6,9.4,,0.6256578947368422,1.6255896251792898,0.07385791190946946,0.6187910641651071,0.653420523138833,1.2151246109951719,0.0659266439351168,0.7228064019247952,0.5599449129019514,0.9712552858227775,0.10742245825252146,0.5909942374564713
RFS,OOD,GSE19783,DeepSurv,43,0.18569504518369073,0.19040390297056867,1.6,9.4,,0.7171052631578947,1.625214370843272,0.07717681954605411,0.7510386923721549,0.6594567404426559,1.1245452855573292,0.08198336489272838,0.5441515035191842,0.5966768538349363,0.9881238632739614,0.1081169316161262,0.5031672831772275
RFS,OOD,GSE19783,DeepSurv,44,0.1887526337507067,0.19040390297056867,1.6,9.4,,0.6769736842105263,1.8551396906340085,0.08846650159720215,0.7779943270066594,0.6217303822937627,1.3653548316877104,0.10819866289996134,0.5505976815136261,0.5197942650917706,1.071444863165324,0.14728226537563674,0.45900685641450184
RFS,OOD,GSE19783,ENCox,40,0.20675181967244835,0.19040390297056867,1.6,9.4,,0.5967105263157895,1.624335025279004,0.10626838062748764,0.35979161236659035,0.5407444668008048,1.1738386522446203,0.1525252990499891,0.19237018930546865,0.5641624930103535,0.94483053239662,0.2090586559072463,0.23652553173878116
RFS,OOD,GSE19783,ENCox,41,0.18273885992564423,0.19040390297056867,1.6,9.4,,0.6486842105263158,1.768410198380069,0.08939104730432687,1.530037693782383,0.6358148893360162,1.186329562011565,0.04540393147805726,1.2784155696361998,0.480697611240905,0.9699234148175854,0.027027158275906644,1.15130066114881
RFS,OOD,GSE19783,ENCox,42,0.18754469746469973,0.19040390297056867,1.6,9.4,,0.7138157894736842,1.682946635561815,0.11401169227831291,3.1395544060083993,0.6534205231388329,1.2852512827121776,0.09111222835502236,2.2783334946573075,0.4946585786008224,1.0432238595807244,0.050862554204527025,1.4825325738617863
RFS,OOD,GSE19783,ENCox,43,0.19080499232394807,0.19040390297056867,1.6,9.4,,0.6059210526315789,1.667361763603029,0.08416228041504369,0.7975963769510256,0.562374245472837,1.164031333864246,0.10756992751901796,0.462194111427623,0.576703606819849,1.0127188315718707,0.10183847838818921,0.4002145486440892
RFS,OOD,GSE19783,ENCox,44,0.19365944103192365,0.19040390297056867,1.6,9.4,,0.5855263157894738,1.6062646108382361,0.072437513356257,0.3220996439333287,0.602112676056338,1.2188425505128004,0.08075636015696962,0.4090922153258239,0.5490163095693049,0.9934146694072417,0.10739729145457973,0.34596094063150107
RFS,OOD,GSE19783,LH,40,0.19748066673859543,0.19040390297056867,1.6,9.4,,0.5230263157894737,1.8098118514951091,0.09492141008377077,0.2972216651423278,0.5789738430583501,1.128959769519407,0.08481237277238055,0.3665633966813884,0.6291011897232404,0.9397714062129915,0.17554064439943173,0.21216370820256938
RFS,OOD,GSE19783,LH,41,0.23597642763324922,0.19040390297056867,1.6,9.4,,0.36644736842105263,1.7697120816005405,0.1385684621454489,-0.6730530161713292,0.40543259557344064,1.1665470527198682,0.19082204305162326,-0.29467352979961486,0.45680000362064865,0.773282919487585,0.17845293876498636,0.09856542951189673
RFS,OOD,GSE19783,LH,42,0.17980144293634925,0.19040390297056867,1.6,9.4,,0.4407894736842105,1.7585732840119948,0.11278924075039956,-0.5726613975415553,0.6830985915492958,1.1374145904510988,0.07102082323546363,0.7037802892060415,0.6494146482919798,0.7561777501680996,0.1610227491903293,0.6018446290867737
RFS,OOD,GSE19783,LH,43,0.1994082238652869,0.19040390297056867,1.6,9.4,,0.5769736842105263,2.113066938998484,0.10109424530857745,0.6054141120418635,0.6151911468812877,1.2460623815276621,0.12324058248501536,0.3964989512175012,0.6449861364721917,0.8506369355046511,0.17626996846093823,0.3118599613186599
RFS,OOD,GSE19783,LH,44,0.18956686428642477,0.19040390297056867,1.6,9.4,,0.5223684210526316,2.1792637475433496,0.10385312275453051,0.13883607480602497,0.6428571428571429,1.601011004595364,0.11482438475194608,0.820644849078679,0.48100349996922465,1.0263750757866494,0.12096288996821553,0.2677986522851812
RFS,OOD,GSE19783,MTLR,40,0.19484825630797548,0.19040390297056867,1.6,9.4,,0.7289473684210527,2.893663696742379,0.13410151245618107,1.2370948905409753,0.6695171026156942,1.600152498882399,0.10607745250066121,0.5626638617194509,0.5697416930478064,1.075895522454608,0.1276762154367235,0.39258153287538233
RFS,OOD,GSE19783,MTLR,41,0.1993982684189215,0.19040390297056867,1.6,9.4,,0.5921052631578948,3.3234926113678847,0.13850374053222964,0.3341297279218992,0.6292756539235412,1.5708817418487873,0.10278399604739565,0.43120648391445626,0.5301331724074961,0.9430247000997883,0.1394771449456349,0.3305502622692538
RFS,OOD,GSE19783,MTLR,42,0.18654270435939993,0.19040390297056867,1.6,9.4,,0.7019736842105263,3.342833959927701,0.13450706968403825,1.1765928563471724,0.7032193158953721,1.3954797253150815,0.09808519753542815,0.5300823212345379,0.6401472834592172,1.0016633508985586,0.1458634286043792,0.47070140020340184
RFS,OOD,GSE19783,MTLR,43,0.20993904691565016,0.19040390297056867,1.6,9.4,,0.6657894736842105,5.733059923762937,0.15844331787090113,1.4165545848208696,0.6338028169014085,1.767469211052718,0.15999973362142392,0.3552857118417937,0.5262411078460071,1.151676695497863,0.17110627046739216,0.21149879756106776
RFS,OOD,GSE19783,MTLR,44,0.20660267313256706,0.19040390297056867,1.6,9.4,,0.5993421052631579,5.580054421298094,0.1575254069434272,0.34830832908180454,0.647887323943662,2.401416117744369,0.16505265837967995,0.4838391459922976,0.4720299113892813,1.3064830005467234,0.1724427421543677,0.3138390545891622
RFS,OOD,GSE19783,PCHazard,40,0.2164730764300102,0.19040390297056867,1.6,9.4,,0.6085526315789473,0.8127100822510767,0.09932127625051167,0.4592131730836825,0.5316901408450704,1.1976780159489544,0.14767009802538936,0.21782537663417417,0.5974626637516722,0.8110201368248177,0.17002009310916344,0.20075918779067703
RFS,OOD,GSE19783,PCHazard,41,0.21830790167674652,0.19040390297056867,1.6,9.4,,0.6388157894736842,0.847905599952916,0.11505819115825373,0.3596329550484213,0.5749496981891348,1.2495450946674542,0.14796397447435547,0.21454026763774467,0.49680152323743165,0.889701083698532,0.17164019854464702,0.2469307715897517
RFS,OOD,GSE19783,PCHazard,42,0.18959092005238606,0.19040390297056867,1.6,9.4,,0.6144736842105264,1.1453473241263405,0.0656520173405156,0.6463299134549968,0.6368209255533199,1.6878802671335533,0.1152640969464273,0.6902925530202603,0.6366344333736216,1.0244557491782194,0.12025179768606936,0.404503324367351
RFS,OOD,GSE19783,PCHazard,43,0.2125767952247151,0.19040390297056867,1.6,9.4,,0.5026315789473684,0.7520904734200443,0.1112365776842291,0.1453929131786758,0.5010060362173039,1.1083438555663803,0.13298157790694567,0.11556462135279678,0.6024223149304456,0.9040552836272009,0.20336238592910122,0.2524831206181558
RFS,OOD,GSE19783,PCHazard,44,0.19721245183771755,0.19040390297056867,1.6,9.4,,0.6572368421052631,1.069661119523901,0.05865307137219593,0.4575577957363476,0.6448692152917505,1.576342702456274,0.10340772764851347,0.41673203694002564,0.5291036409186042,1.0946290002144987,0.15534595148534483,0.3911092671851383
RFS,OOD,GSE19783,PMF,40,0.20035104987892588,0.19040390297056867,1.6,9.4,,0.5085526315789473,3.614521115880171,0.13882247847740098,-0.1854368555999379,0.6398390342052315,1.3776279533100404,0.12064718598067156,0.3800630670104229,0.5051853782439641,1.0445217363465706,0.15873457980492686,0.2229537372812511
RFS,OOD,GSE19783,PMF,41,0.20998093161460182,0.19040390297056867,1.6,9.4,,0.5592105263157895,4.357094272168448,0.14787167310714722,0.32565006308806516,0.5618712273641852,1.614343738985865,0.17801596841426812,0.2183773836003806,0.4171914880555396,1.00549903349863,0.14875896960680368,-0.03839017863995941
RFS,OOD,GSE19783,PMF,42,0.20281876290434409,0.19040390297056867,1.6,9.4,,0.5888157894736842,3.631046055015501,0.13906412233005871,0.7724166459511027,0.6398390342052314,1.602541305035502,0.12925446394718054,0.4275102629689335,0.5764122686937501,1.222775062534468,0.09978951144903389,0.5608282277541942
RFS,OOD,GSE19783,PMF,43,0.1992250665211026,0.19040390297056867,1.6,9.4,,0.5861842105263158,3.874993567855824,0.1446115458854521,1.0379859835782694,0.6338028169014084,1.6016043849238466,0.13935865236051156,0.4884651147706709,0.5435009956587071,1.1490446288960163,0.11285561156533172,0.5020415411593712
RFS,OOD,GSE19783,PMF,44,0.20781610962974928,0.19040390297056867,1.6,9.4,,0.5434210526315789,2.960256250920126,0.12708723966521449,0.36544254770597573,0.5860160965794768,1.6457609228777137,0.161817744524792,0.3227670902134134,0.40926178033497607,1.1131435854632246,0.16984993975304324,0.22823098318785204
RFS,OOD,GSE19783,RSF,40,0.18875504217431224,0.19040390297056867,1.6,9.4,,0.5967105263157895,1.460535049290287,0.07887397330216689,1.4709696085892563,0.5819919517102615,1.1849982698333823,0.08030818568335636,1.1616654841306904,0.5237472178586875,1.07182358038645,0.058445700732144425,1.1276030861585717
RFS,OOD,GSE19783,RSF,41,0.1871556897285122,0.19040390297056867,1.6,9.4,,0.6164473684210526,1.7138349067626255,0.09151239648009796,1.1775608718800383,0.6096579476861167,1.1901161768835689,0.07655956046749843,1.2213442604569777,0.5293873467031789,0.9994965105870293,0.07670446712561321,1.1377099939066384
RFS,OOD,GSE19783,RSF,42,0.18597135509146268,0.19040390297056867,1.6,9.4,,0.6651315789473683,1.6459616183998425,0.08458430779100669,1.7595908704495242,0.646881287726358,1.2775425966106502,0.12059179219332603,1.5897761435002429,0.5222981240433079,1.0490042310702832,0.03463064052841877,1.2084475083043573
RFS,OOD,GSE19783,RSF,43,0.1849935234570004,0.19040390297056867,1.6,9.4,,0.7131578947368421,1.587295829436804,0.10598951156693276,1.6939394206666651,0.6338028169014085,1.1581123867091585,0.05942656716915093,1.1838473412452843,0.5384245643510299,1.0477303986183681,0.07632929742938338,0.8996536832780121
RFS,OOD,GSE19783,RSF,44,0.18415528099034217,0.19040390297056867,1.6,9.4,,0.6980263157894736,1.6529697096732516,0.09294464552041254,1.9211187266639742,0.682092555331992,1.2874470982781534,0.10164093790632305,1.9463577917632524,0.5289912889028631,1.0664566528575132,0.0731911393327745,1.3597778374125196
RFS,OOD,UK,TabSurv_M,40,0.1686048488142068,0.1775581670645655,1.6,9.8,10,0.7988826815642458,0.6742609239862294,0.10264687607253804,3.3642465004885636,0.7567811934900543,0.7577547492833234,0.13056163626592512,3.4596978222328154,,,,
RFS,OOD,UK,TabSurv_M,41,0.1695246106193083,0.1775581670645655,1.6,9.8,10,0.8006783719074222,0.6435200375054831,0.09795754773605271,3.8197396913268773,0.7846809609919916,0.7153698043039812,0.16091793631585896,4.459691376684591,,,,
RFS,OOD,UK,TabSurv_M,42,0.16414051529050547,0.1775581670645655,1.6,9.8,10,0.8561452513966481,0.6746407778992473,0.1358734328965634,5.093229643505789,0.8216223198140016,0.7872360247869375,0.15095707673381492,4.817273642469089,,,,
RFS,OOD,UK,TabSurv_M,43,0.16010183940647826,0.1775581670645655,1.6,9.8,10,0.8411811652035116,0.7289150291398261,0.09071139264221925,3.8471411967772435,0.8103849134590545,0.80879854859073,0.12453685924050886,3.70886256130575,,,,
RFS,OOD,UK,TabSurv_M,44,0.1675474314715052,0.1775581670645655,1.6,9.8,10,0.8066640063846768,0.654260775266643,0.0981789588352332,3.1424508487819693,0.7742185481787652,0.7345265797002659,0.11740156331499996,3.1674627528503976,,,,
RFS,OOD,UK,DeepHS,40,0.1749776504695599,0.1775581670645655,1.6,9.8,10,0.5249401436552275,1.9287113679269938,0.0651330187700797,0.10776013516974083,0.7355980366830276,1.4998580525041496,0.11501501522202423,2.7659925900691897,,,,
RFS,OOD,UK,DeepHS,41,0.17606068780450146,0.1775581670645655,1.6,9.8,10,0.6007581803671189,2.1196947741273093,0.07145193723088883,0.9601728454565659,0.7180315164040298,1.6585094769892565,0.10608083124897906,2.1580349411644204,,,,
RFS,OOD,UK,DeepHS,42,0.17459067481671503,0.1775581670645655,1.6,9.8,10,0.5440941739824422,2.1072407915827047,0.07107479215244167,0.6230318653132526,0.7521312322397313,1.5345019885366453,0.12235415269787192,3.08171026950744,,,,
RFS,OOD,UK,DeepHS,43,0.17094520909461913,0.1775581670645655,1.6,9.8,10,0.6622106943335994,2.2367064138843333,0.0747903070012153,1.6486844802070686,0.7124773960216998,1.3969804774511743,0.08615142452544064,1.6886935738390534,,,,
RFS,OOD,UK,DeepHS,44,0.1738535257516813,0.1775581670645655,1.6,9.8,10,0.42438148443735035,1.9836027420435278,0.07750459195335137,-0.697369605322468,0.6869026091449238,1.492398884248625,0.09818837118609519,1.63954012912017,,,,
RFS,OOD,UK,DeepSurv,40,0.1570205932606822,0.1775581670645655,1.6,9.8,10,0.6853551476456504,1.0040575988758453,0.02222483601547094,1.0985149314360678,0.7408938258847843,0.9489871091292704,0.05617905930044574,1.3776763486746615,,,,
RFS,OOD,UK,DeepSurv,41,0.16231445693077032,0.1775581670645655,1.6,9.8,10,0.6853551476456504,1.1204723728354635,0.03383269718879664,0.870620338198843,0.7021441487987601,0.8961557746361833,0.033437749757858855,1.0023085323933225,,,,
RFS,OOD,UK,DeepSurv,42,0.1550995866463148,0.1775581670645655,1.6,9.8,10,0.7418196328810855,1.1932375224542642,0.044411530241298194,1.6093094378722412,0.7650477912684062,1.0510893382803286,0.06164319071792752,1.6829666168061284,,,,
RFS,OOD,UK,DeepSurv,43,0.15408319986341218,0.1775581670645655,1.6,9.8,10,0.7128890662410216,1.1050260952835387,0.02531725888091009,0.8860885819949442,0.7421854817876519,0.9185591982107733,0.04221992194652554,0.9973013647170991,,,,
RFS,OOD,UK,DeepSurv,44,0.15528241926950964,0.1775581670645655,1.6,9.8,10,0.7364325618515561,1.2603873930365053,0.048984517221865476,1.1967388598780608,0.7663394471712736,1.10446852645769,0.059887922472423985,1.2954609949917117,,,,
RFS,OOD,UK,ENCox,40,0.18001745706379474,0.1775581670645655,1.6,9.8,10,0.6308858739026337,1.1877527153268124,0.06194059759522408,0.4341922758905324,0.667398605011625,1.0109269169525334,0.04635751096234809,0.5485054901282468,,,,
RFS,OOD,UK,ENCox,41,0.1656440390076362,0.1775581670645655,1.6,9.8,10,0.6927374301675978,1.2448730380787367,0.047452420428179314,1.8365857010816773,0.7148023766468613,0.9919029451910114,0.0654397513267499,1.8752929026824938,,,,
RFS,OOD,UK,ENCox,42,0.16884029488770272,0.1775581670645655,1.6,9.8,10,0.7541899441340782,1.1835012770740916,0.06783197093125126,3.8640906584218766,0.7067941100490829,1.0738126588190493,0.08472578335499419,3.171292221709161,,,,
RFS,OOD,UK,ENCox,43,0.16384881022999426,0.1775581670645655,1.6,9.8,10,0.6887470071827614,1.178491509848113,0.03349927542866141,1.8370264261907479,0.687806768276931,0.9758518321507421,0.061118788765248455,1.7653765070932481,,,,
RFS,OOD,UK,ENCox,44,0.16934096925932332,0.1775581670645655,1.6,9.8,10,0.7414205905826017,1.2370260995226947,0.04696455353124134,1.403106542130194,0.6703694135882201,1.0758450218002975,0.0325484890580753,0.9597090295506132,,,,
RFS,OOD,UK,LH,40,0.1682936458468965,0.1775581670645655,1.6,9.8,10,0.5357142857142857,1.256827543529506,0.06304076673903905,0.3158700026479858,0.6413071557737019,0.9703497003444146,0.046972489371391896,0.7985843031553113,,,,
RFS,OOD,UK,LH,41,0.16982610695787284,0.1775581670645655,1.6,9.8,10,0.6570231444533121,1.1096290956670503,0.03656146376605195,1.1715116660481821,0.662231981400155,0.9520717827053579,0.06040102077855002,0.833799851091046,,,,
RFS,OOD,UK,LH,42,0.1641392853844436,0.1775581670645655,1.6,9.8,10,0.4706703910614525,1.2209664845875263,0.057797235279267556,-0.31883568259692346,0.6969775251872901,0.8935648311560815,0.038960148908809715,0.7629549219336013,,,,
RFS,OOD,UK,LH,43,0.17075927956080222,0.1775581670645655,1.6,9.8,10,0.5055865921787709,1.3655134404222493,0.044272094821008516,0.07803278472864364,0.709248256264531,1.0185977260850463,0.049267212459862486,0.6430153877425071,,,,
RFS,OOD,UK,LH,44,0.16697539326125344,0.1775581670645655,1.6,9.8,10,0.5432960893854749,1.5214672108695226,0.050609132517939026,0.6027661171174138,0.6394988375096875,1.379111376609101,0.08727003569188325,0.9423291954005265,,,,
RFS,OOD,UK,MTLR,40,0.15526631429360194,0.1775581670645655,1.6,9.8,10,0.7569832402234637,2.163869396919068,0.0727546724720278,1.6688287199627045,0.7575561870317749,1.4482725052225323,0.07402973215361153,1.1250750365710656,,,,
RFS,OOD,UK,MTLR,41,0.15821687012690772,0.1775581670645655,1.6,9.8,10,0.5804070231444534,2.215302467071103,0.07420600209259186,0.3998149788960027,0.6968483595970033,1.2875485257966484,0.05286561319793489,0.9017733226341575,,,,
RFS,OOD,UK,MTLR,42,0.16426733411071104,0.1775581670645655,1.6,9.8,10,0.6745810055865922,2.296513629733821,0.0763652442734023,1.1985686684202765,0.7470937742185482,1.2287395180791278,0.05354726602489822,0.7677675536333244,,,,
RFS,OOD,UK,MTLR,43,0.1641404029373746,0.1775581670645655,1.6,9.8,10,0.6410614525139665,3.7195084477550098,0.09889914764874225,1.2552003413937596,0.7323688969258589,1.4364980290603622,0.07192882852277901,0.732474328281289,,,,
RFS,OOD,UK,MTLR,44,0.16801982179713512,0.1775581670645655,1.6,9.8,10,0.599561053471668,3.933530820125467,0.1008778421775155,0.679884507210499,0.7432188065099458,1.8885676087623957,0.11137396356333862,0.8496942199060915,,,,
RFS,OOD,UK,PCHazard,40,0.17643553583125487,0.1775581670645655,1.6,9.8,10,0.6165203511572227,0.5414675801194497,0.13998262170288292,0.8780339047004426,0.6624903125807284,0.9475682652090363,0.09803142499376608,1.0176263969818768,,,,
RFS,OOD,UK,PCHazard,41,0.1601714479402511,0.1775581670645655,1.6,9.8,10,0.7757382282521947,0.5883491965069604,0.09464147247841966,1.250309419445566,0.7374063549470421,1.0296110938871799,0.042307685034862486,1.0625036852789551,,,,
RFS,OOD,UK,PCHazard,42,0.15939719007060246,0.1775581670645655,1.6,9.8,10,0.7767358339984038,0.7846148154493834,0.037131885975455275,1.326405949917387,0.6787651769568587,1.37307592703642,0.06431738938686357,0.8175690800763811,,,,
RFS,OOD,UK,PCHazard,43,0.17646188573124943,0.1775581670645655,1.6,9.8,10,0.6791699920191541,0.4937228527677938,0.1387052119930009,1.0411603140598542,0.5955825368121932,0.8640149923436384,0.0820775416450224,0.6297283443898528,,,,
RFS,OOD,UK,PCHazard,44,0.16160901088681226,0.1775581670645655,1.6,9.8,10,0.7545889864325619,0.819634069879001,0.03107224109668084,1.078511428375671,0.6923275639369673,1.4343596222882506,0.07168315804522978,0.7891334036731454,,,,
RFS,OOD,UK,PMF,40,0.15583409590377553,0.1775581670645655,1.6,9.8,10,0.4245810055865921,2.4226980859711365,0.07943303141616975,-0.8500798232399676,0.7038233014724877,1.1915531149385796,0.08054136135727885,0.9214445196387785,,,,
RFS,OOD,UK,PMF,41,0.16393297936282877,0.1775581670645655,1.6,9.8,10,0.40143655227454106,3.0703655486408787,0.09157745504148918,-0.6220022490339268,0.6285197623353138,1.431722614273763,0.07137919537687075,0.6591346898989949,,,,
RFS,OOD,UK,PMF,42,0.1691045247539408,0.1775581670645655,1.6,9.8,10,0.5013966480446927,2.5629151321600245,0.08248763585436175,0.21245080593227703,0.7067941100490829,1.3084474654107303,0.07758710637760627,0.8056624872650539,,,,
RFS,OOD,UK,PMF,43,0.1637330933611885,0.1775581670645655,1.6,9.8,10,0.5540702314445332,2.6165881563674698,0.0835702511423452,0.5250207302090792,0.7221648152932059,1.342486382832043,0.060389182993755314,0.8231394547536919,,,,
RFS,OOD,UK,PMF,44,0.16846923410129774,0.1775581670645655,1.6,9.8,10,0.4072226656025539,2.0789904314944545,0.08426360260461262,-0.5955193096457466,0.6633944717127357,1.4133984097122787,0.06923567615269466,0.72160934652743,,,,
RFS,OOD,UK,RSF,40,0.1685559891721083,0.1775581670645655,1.6,9.8,10,0.7204708699122107,1.0668449045689656,0.08082584136926027,3.673285318697527,0.7412813226556445,1.0263077222325752,0.12352385209954302,3.605781803784101,,,,
RFS,OOD,UK,RSF,41,0.16846357730144068,0.1775581670645655,1.6,9.8,10,0.6600159616919394,1.2268020374414634,0.04964675995462757,1.9776710422842296,0.6911650736243865,1.0077055626234743,0.09080708142064044,2.5715111479233608,,,,
RFS,OOD,UK,RSF,42,0.16659709907090398,0.1775581670645655,1.6,9.8,10,0.7458100558659218,1.1837616490183507,0.06271793588923945,3.0124936867867365,0.7274606044949625,1.0843930015215415,0.08117445626696523,2.810133056174739,,,,
RFS,OOD,UK,RSF,43,0.1625574752694757,0.1775581670645655,1.6,9.8,10,0.7567837190742219,1.1656833692058923,0.0691096342128256,2.745030891239725,0.7495479204339963,1.0078756752327191,0.08749071382670011,2.9210587019612664,,,,
RFS,OOD,UK,RSF,44,0.16749108446373506,0.1775581670645655,1.6,9.8,10,0.7184756584197924,1.178519597080319,0.050384743202135776,2.5870793187531365,0.7376646861276156,1.0877321658575807,0.08564846066461093,2.934329048482084,,,,
RFS,OOD,UPP,TabSurv_M,40,0.14451891763633928,0.13198521954037204,1.2,10.0,,0.6753191368949996,0.6014198974647061,0.07041554676022245,2.2774653543605945,0.6590494273522668,0.5816488504580425,0.11560401904253623,2.499177456231137,0.6481741027405805,0.5166729268668372,0.22606245754434665,3.063230958204871
RFS,OOD,UPP,TabSurv_M,41,0.1384248282455367,0.13198521954037204,1.2,10.0,,0.7123960744165012,0.6615370935725099,0.07505381440992022,2.7609569942826377,0.6992920253651674,0.6171297340552269,0.10344464378720318,3.0545740024814934,0.7048087821347848,0.526299625314294,0.21779177010627987,4.280033008942777
RFS,OOD,UPP,TabSurv_M,42,0.13534931297905453,0.13198521954037204,1.2,10.0,,0.735329323496726,0.635772221207298,0.061147485134314034,2.720171171065769,0.7441236653113084,0.637927566368374,0.08959012593064924,3.129843360391466,0.7409367261649651,0.5492899676531907,0.19639385482771016,3.958101676332005
RFS,OOD,UPP,TabSurv_M,43,0.1348767491575252,0.13198521954037204,1.2,10.0,,0.7331547429652119,0.6548839361774776,0.056682809292287625,2.6563492299701292,0.724549468010625,0.6355579781693954,0.08992542722677781,2.9466239556212583,0.7203882617596244,0.555814481319649,0.18908552698317127,3.779945802796455
RFS,OOD,UPP,TabSurv_M,44,0.1448366511764791,0.13198521954037204,1.2,10.0,,0.7129571584428634,0.5683776700307964,0.0791328696270636,2.655437512459927,0.699919863103186,0.5689546270248257,0.12002196496177199,2.776374683379489,0.6984308567273838,0.5074673108806389,0.23261558825551146,3.6476068014705185
RFS,OOD,UPP,DeepHS,40,0.1285441498260379,0.13198521954037204,1.2,10.0,,0.5735566724587821,1.5467631773917032,0.03755299020834979,0.7067200202818471,0.7014531396981027,1.014212087234066,0.07735295360434911,2.8630100024393275,0.6219483305256044,0.7170313154723787,0.10305252949421499,3.475211264105424
RFS,OOD,UPP,DeepHS,41,0.1245331161021572,0.13198521954037204,1.2,10.0,,0.6856938076670749,1.7043393255585921,0.06359725723594184,2.0603554831596513,0.6772151385664318,1.1630257068600112,0.05040466113788073,1.6128941975814524,0.6725996655677512,0.6631274866431212,0.1374858045500097,3.467153061342694
RFS,OOD,UPP,DeepHS,42,0.1298023698081541,0.13198521954037204,1.2,10.0,,0.6169091738407468,1.629044498245101,0.0414121064687692,1.5414065354023365,0.6342436622990749,1.035804717462223,0.022747264164171232,1.7232460221377675,0.6023687066062533,0.6985277464102229,0.12515869964940393,2.125502782453853
RFS,OOD,UPP,DeepHS,43,0.12577113445847066,0.13198521954037204,1.2,10.0,,0.5525509872083421,1.6367271290061023,0.04216232399798006,0.060638004602293544,0.6780915322819756,0.9700084081814853,0.03891592397051953,1.7215641973557796,0.6502767288532735,0.6290810401320701,0.14357673717330743,3.6000221826648198
RFS,OOD,UPP,DeepHS,44,0.12962731842930023,0.13198521954037204,1.2,10.0,,0.6456382193473305,1.4793181294306776,0.046094625514303926,3.4974514160357066,0.6756180793037336,0.9841083391927099,0.044176858698005195,1.8702095446455533,0.6023932836390742,0.6743905870785605,0.11750724806511222,3.416492899180466
RFS,OOD,UPP,DeepSurv,40,0.13561776671518525,0.13198521954037204,1.2,10.0,,0.6358627258534792,0.7911102945715802,0.039628066198176395,1.0244972895583764,0.6707544263445185,0.6523335966451502,0.0837596383336359,1.175614090442461,0.647556650680596,0.5350078669112617,0.2077002500337058,0.9282474319110934
RFS,OOD,UPP,DeepSurv,41,0.13513631146066474,0.13198521954037204,1.2,10.0,,0.7490382566616223,0.9462026655192569,0.023160775896541023,1.700847101178471,0.6790915437482947,0.6520998006871703,0.08547561650059719,1.1324271148838703,0.711093710357499,0.5106810546810737,0.22939628633444353,1.190017162365373
RFS,OOD,UPP,DeepSurv,42,0.1358068318626434,0.13198521954037204,1.2,10.0,,0.689096163721711,0.9055314723903212,0.03202043785016551,1.3623434238562513,0.6577422419531631,0.6986840758580986,0.07324238995739031,1.0223365370381485,0.6967297299256784,0.5282802934295056,0.21707518460549738,1.1027295218086737
RFS,OOD,UPP,DeepSurv,43,0.13815707535137803,0.13198521954037204,1.2,10.0,,0.7283172993931908,0.8250229155004205,0.05271064222229297,1.0471758554104882,0.7019710112162495,0.6023912532405118,0.12092022145930881,0.912283253872078,0.7001664030943082,0.5121852027739364,0.22723652581231035,0.9552578637653338
RFS,OOD,UPP,DeepSurv,44,0.13516020872387718,0.13198521954037204,1.2,10.0,,0.590838131613145,1.0148283213996774,0.026057062649655315,0.6541343507680485,0.6138327154139012,0.7688945673313662,0.055482637113404856,0.7552873276316969,0.6521426311597055,0.5689036161024347,0.18095716469705658,0.878187394312886
RFS,OOD,UPP,ENCox,40,0.15776301096856563,0.13198521954037204,1.2,10.0,,0.5900965321972194,0.8826439603565799,0.05829791498933035,0.42513619103659933,0.5999295824965979,0.6759315012238268,0.10765569952745925,0.38184633990468947,0.5294792958385667,0.5285973368081788,0.24758271063854245,0.1327769187405913
RFS,OOD,UPP,ENCox,41,0.13539597584793758,0.13198521954037204,1.2,10.0,,0.6930146686223114,0.9718027289092765,0.02735961198318253,1.5625254028125297,0.6683225166744632,0.6790401375195695,0.07543577925464391,1.2856496355069709,0.6866740535215219,0.534368974805163,0.21002241046594894,1.508831286149959
RFS,OOD,UPP,ENCox,42,0.13301876279666458,0.13198521954037204,1.2,10.0,,0.7320358500600482,0.9230588193800439,0.05220236290509087,2.401763368162696,0.6744189030521779,0.7339677008949026,0.057390253832977335,1.9252067613470194,0.7218681013969277,0.573633339944012,0.1781888549532279,2.240505238774681
RFS,OOD,UPP,ENCox,43,0.1359951293460255,0.13198521954037204,1.2,10.0,,0.6898764524217452,0.9015890867732334,0.048241965721520154,1.7427631527498817,0.6402877576639514,0.6578487486626083,0.08294180896705441,1.265887727370205,0.638863477577871,0.5539835771675058,0.19572763373904709,1.2129560741783108
RFS,OOD,UPP,ENCox,44,0.13485533780465872,0.13198521954037204,1.2,10.0,,0.607861642419673,0.9568671033912404,0.030911463335907458,0.6762666968998178,0.6323976835259473,0.72984097311697,0.07441020151690207,0.868687837102066,0.6594877253449329,0.5469736850312469,0.19442389035852178,0.9614130456445347
RFS,OOD,UPP,LH,40,0.15519916164874326,0.13198521954037204,1.2,10.0,,0.4941697089234408,0.9690156679294601,0.046342177143994544,0.03936604979016178,0.5922595950470438,0.6195695603590281,0.10882591533099138,0.5923046843350559,0.6452320495717875,0.49465224463992385,0.24604800786130868,0.60383224277357
RFS,OOD,UPP,LH,41,0.1441825376026168,0.13198521954037204,1.2,10.0,,0.5722878724099514,0.8916570730889081,0.045839443934689784,0.4567519905694003,0.6005344796523172,0.6678806246154462,0.10333315807154947,0.6306968939146121,0.7149929930136458,0.3915515685168981,0.37727499295255873,0.9369408577278078
RFS,OOD,UPP,LH,42,0.14882580951738916,0.13198521954037204,1.2,10.0,,0.5257964279149332,0.9321806441085073,0.0368235462868634,-0.0017143429683858069,0.6554198105110057,0.5961521623070439,0.10899114372374577,0.7804720250143826,0.6926120397207057,0.42540856346314143,0.3245714961461147,0.6605323343231062
RFS,OOD,UPP,LH,43,0.15546232611529964,0.13198521954037204,1.2,10.0,,0.5211739932625732,1.0614511806679925,0.024713357577913434,0.2468779469628223,0.6649013769361498,0.6890421883926251,0.0710608845377515,0.6066355097863114,0.6770903062806761,0.45123982836625876,0.2933395878626175,0.4462592038174384
RFS,OOD,UPP,LH,44,0.13130942377033053,0.13198521954037204,1.2,10.0,,0.499654822649439,1.0955813666127077,0.03660213158772813,0.45010445518631653,0.5467467513302409,0.8906875960607732,0.06004561104526027,0.6700532902298414,0.6748152076381698,0.5937730881398035,0.16427949975019882,0.7073251501571515
RFS,OOD,UPP,MTLR,40,0.1307807506491509,0.13198521954037204,1.2,10.0,,0.5978891886313438,1.633786799072829,0.04522301982539708,0.6420191638364027,0.6709126870536504,0.9352311256087048,0.03198004440054448,0.7233082183221566,0.6624143239234717,0.6015533943658968,0.159785887249352,0.9432429551992666
RFS,OOD,UPP,MTLR,41,0.11865277254024399,0.13198521954037204,1.2,10.0,,0.6297322698818764,1.7672760281757085,0.06411097520162885,1.1155932693303792,0.7074581600390182,0.9454839973321361,0.02516126229644951,0.9958408787877421,0.741100776144002,0.4977093749665189,0.24223943524145575,1.028349021226912
RFS,OOD,UPP,MTLR,42,0.12867308527281968,0.13198521954037204,1.2,10.0,,0.6859851159645678,1.836893986745731,0.06169015317190937,1.1807304894070494,0.6883492956097991,0.859921754855109,0.06044426973683742,0.5728844547260057,0.7078193078603731,0.623945003236375,0.14519241511208555,0.7102382130891731
RFS,OOD,UPP,MTLR,43,0.1337064372799915,0.13198521954037204,1.2,10.0,,0.640761885612729,2.7367413963592138,0.06706017879018268,1.0480673724558696,0.6537408910949845,1.030881244285234,0.06130105812182155,0.4655729611935934,0.6515410717470854,0.634508618341161,0.14464571993285083,0.4667791628903723
RFS,OOD,UPP,MTLR,44,0.1164603640175028,0.13198521954037204,1.2,10.0,,0.6192256683509852,2.885628690656922,0.07087370408192031,0.8552210007814287,0.6995253049598382,1.3557611163309187,0.05791488168903228,0.8047974920234471,0.7297217876862807,0.6717545878629713,0.12407867590461354,1.0519296583639217
RFS,OOD,UPP,PCHazard,40,0.18797562947036797,0.13198521954037204,1.2,10.0,,0.6155588847992421,0.42101550265150955,0.14499216839724238,0.9539546282951673,0.5832352925828022,0.6451346283916432,0.09912040719669674,0.7585039635367136,0.6126219737182576,0.42875120045207193,0.3234834316585131,0.42636287227909553
RFS,OOD,UPP,PCHazard,41,0.14045748601471436,0.13198521954037204,1.2,10.0,,0.6752364667481309,0.47412788910598497,0.11700629056774296,0.765451903332664,0.7110673465044527,0.7265203243636594,0.06920326681883446,0.8474319953850593,0.7267540071946311,0.4658162673164044,0.2756552905799205,0.8832004721373218
RFS,OOD,UPP,PCHazard,42,0.12828709816958508,0.13198521954037204,1.2,10.0,,0.6666627823685827,0.6524422762638963,0.05999313470019677,0.7556098235534051,0.6779012820385031,0.999756785186393,0.029023567606426107,0.7378518451714711,0.7153441336432316,0.6092879166472246,0.16303511062046988,0.6739521965867221
RFS,OOD,UPP,PCHazard,43,0.1697802832690167,0.13198521954037204,1.2,10.0,,0.6387680752927077,0.37839401669959816,0.17433972212293974,0.8297133651649279,0.5951818363269494,0.5798244525717139,0.1181535371364347,0.5836171409896346,0.6615548789003773,0.46355398758768196,0.28123166632886687,0.5192124580279945
RFS,OOD,UPP,PCHazard,44,0.1421143867614577,0.13198521954037204,1.2,10.0,,0.6175692441413599,0.6252173217902778,0.06257068030284106,0.5919024126379291,0.6310796894168964,0.9580391743699204,0.049690891545843656,0.586524047405972,0.6513374493256596,0.6191393002257289,0.1537631421015997,0.6592248200976267
RFS,OOD,UPP,PMF,40,0.13145359598761072,0.13198521954037204,1.2,10.0,,0.4815262748418424,1.8994481096133369,0.05025213875662928,-0.8835284038611739,0.6658178748928203,0.7702705095048237,0.07560906936860409,0.6733418886591491,0.6959862693265544,0.5765198535967756,0.17406857181047616,1.0924501825898016
RFS,OOD,UPP,PMF,41,0.12462960851623284,0.13198521954037204,1.2,10.0,,0.41894736588640624,2.447559257416428,0.06296767746483031,-0.8573851281507014,0.6164779290608504,0.9584710326018279,0.08539327434365453,0.5688068879447907,0.6870149921391974,0.5438818911732186,0.19884782372570253,1.4611856174020157
RFS,OOD,UPP,PMF,42,0.12482353577291198,0.13198521954037204,1.2,10.0,,0.4968424075954622,2.0110291363862194,0.05274216339660138,-0.8866683056598749,0.7121474718647621,0.8854707157465184,0.05986961622970726,0.8601682625388173,0.6814265638377599,0.648491651644249,0.12909998813728613,1.1233282555635251
RFS,OOD,UPP,PMF,43,0.12574887458500314,0.13198521954037204,1.2,10.0,,0.44848242337748545,1.945413120620117,0.05079030155824006,-0.8710380996614563,0.6629611097327264,0.8946057497747599,0.06003584331880564,0.6895589912380243,0.6775547077715343,0.6290397421700756,0.15482674389153372,0.9345756698685491
RFS,OOD,UPP,PMF,44,0.1306960186354413,0.13198521954037204,1.2,10.0,,0.5203753112622995,1.5035366597994038,0.0444774580432354,0.1315403487331423,0.6728150363005313,0.9903902988926696,0.058957635408749966,0.8273906682612125,0.6851176357563837,0.6179315945889876,0.147692639201595,0.9871311135631726
RFS,OOD,UPP,RSF,40,0.1332739650513242,0.13198521954037204,1.2,10.0,,0.7147084006169222,0.79668130953283,0.050065408286497866,4.2736214644259825,0.6912397397702401,0.6717975264227504,0.07900455575617182,3.515990062537549,0.6765584741005243,0.5855240205665786,0.1631055627568363,4.128202088000155
RFS,OOD,UPP,RSF,41,0.13568295809328032,0.13198521954037204,1.2,10.0,,0.7392130281404935,0.9146759642036142,0.03360442213557953,2.703745806820651,0.7105364754998968,0.6620400210379298,0.08013782829010718,2.647351473148242,0.6899260054854924,0.5348992285038925,0.20866012307402976,3.088030670330747
RFS,OOD,UPP,RSF,42,0.1329622020676059,0.13198521954037204,1.2,10.0,,0.6991567620617212,0.8883331262984946,0.04124237767933173,2.327041541949779,0.702174198311752,0.7139256058656408,0.06411903214192413,2.291134426821157,0.6880770933843243,0.565984223588618,0.18230726662513838,3.0102137635570982
RFS,OOD,UPP,RSF,43,0.13211569381639285,0.13198521954037204,1.2,10.0,,0.7334196121285383,0.8611799754400016,0.040417333008873735,2.225395749345713,0.7391460439440991,0.6553560022632974,0.08923693662844004,2.563599999836789,0.7200033186916323,0.569755068768463,0.17510471697083474,3.2538037814483074
RFS,OOD,UPP,RSF,44,0.13371395695774382,0.13198521954037204,1.2,10.0,,0.7318067135131356,0.8814070536333767,0.05390854914931606,2.913071353664139,0.7060987585944881,0.7126014162627604,0.07241632791643451,2.8222299560607094,0.6920772723510573,0.5752527895243416,0.1747256102932505,3.1769527866836498
