Endpoint,Setting,Model,n cohorts,IBS,IBS (KM ref.),AUC(3y),AUC(5y),AUC(10y),Cal. slope (5y),O/E (5y)
RFS,InD,TabSurv_M,1,0.159 ± 0.003,0.173 ± 0.004,0.718 ± 0.022,0.701 ± 0.009,0.668 ± 0.011,1.015 ± 0.081,1.060 ± 0.077
RFS,InD,DeepHS,1,0.174 ± 0.005,0.173 ± 0.004,0.546 ± 0.061,0.650 ± 0.014,0.582 ± 0.024,1.211 ± 0.336,1.430 ± 0.134
RFS,InD,DeepSurv,1,0.176 ± 0.003,0.173 ± 0.004,0.609 ± 0.023,0.630 ± 0.020,0.612 ± 0.018,0.478 ± 0.059,0.978 ± 0.084
RFS,InD,ENCox,1,0.172 ± 0.011,0.173 ± 0.004,0.641 ± 0.029,0.648 ± 0.027,0.616 ± 0.016,1.092 ± 0.664,0.934 ± 0.075
RFS,InD,LH,1,0.186 ± 0.004,0.173 ± 0.004,0.542 ± 0.016,0.629 ± 0.014,0.617 ± 0.034,0.474 ± 0.047,0.938 ± 0.137
RFS,InD,MTLR,1,0.177 ± 0.006,0.173 ± 0.004,0.592 ± 0.063,0.663 ± 0.019,0.625 ± 0.030,0.473 ± 0.068,1.350 ± 0.216
RFS,InD,PCHazard,1,0.190 ± 0.006,0.173 ± 0.004,0.637 ± 0.019,0.633 ± 0.011,0.616 ± 0.020,0.491 ± 0.084,1.076 ± 0.322
RFS,InD,PMF,1,0.179 ± 0.004,0.173 ± 0.004,0.515 ± 0.075,0.642 ± 0.023,0.613 ± 0.023,0.466 ± 0.091,1.186 ± 0.176
RFS,InD,RSF,1,0.166 ± 0.003,0.173 ± 0.004,0.697 ± 0.031,0.670 ± 0.012,0.622 ± 0.026,1.932 ± 0.395,0.965 ± 0.070
RFS,OOD,TabSurv_M,6,0.157 ± 0.048,0.159 ± 0.051,0.714 ± 0.065,0.690 ± 0.060,0.620 ± 0.071 [5],2.189 ± 1.064,0.921 ± 0.356
RFS,OOD,DeepHS,6,0.168 ± 0.067,0.159 ± 0.051,0.578 ± 0.030,0.652 ± 0.050,0.565 ± 0.057 [5],1.492 ± 0.643,1.637 ± 0.672
RFS,OOD,DeepSurv,6,0.160 ± 0.058,0.159 ± 0.051,0.658 ± 0.041,0.655 ± 0.052,0.597 ± 0.070 [5],0.768 ± 0.340,1.070 ± 0.446
RFS,OOD,ENCox,6,0.165 ± 0.059,0.159 ± 0.051,0.654 ± 0.033,0.632 ± 0.035,0.580 ± 0.047 [5],1.082 ± 0.340,1.095 ± 0.457
RFS,OOD,LH,6,0.171 ± 0.054,0.159 ± 0.051,0.518 ± 0.019,0.605 ± 0.036,0.591 ± 0.072 [5],0.507 ± 0.191,1.117 ± 0.478
RFS,OOD,MTLR,6,0.167 ± 0.064,0.159 ± 0.051,0.620 ± 0.032,0.668 ± 0.041,0.620 ± 0.065 [5],0.564 ± 0.208,1.566 ± 0.634
RFS,OOD,PCHazard,6,0.173 ± 0.057,0.159 ± 0.051,0.639 ± 0.042,0.623 ± 0.032,0.608 ± 0.046 [5],0.555 ± 0.211,1.228 ± 0.517
RFS,OOD,PMF,6,0.167 ± 0.063,0.159 ± 0.051,0.491 ± 0.042,0.635 ± 0.045,0.608 ± 0.075 [5],0.528 ± 0.208,1.409 ± 0.579
RFS,OOD,RSF,6,0.162 ± 0.058,0.159 ± 0.051,0.676 ± 0.037,0.664 ± 0.044,0.593 ± 0.067 [5],1.971 ± 0.719,1.101 ± 0.453
