seed,dataset,model,model_seed,test_size,c_index_rec,p_value,mean_survival_followed,mean_survival_not_followed,delta_mean_survival,n_followed,n_not_followed,rec_tp_counts,current_tp_counts,prediction_file,rec_scenario
40,METABRIC_72genes,TabSurv,42,0.3,0.516366527254502,0.5577638403360892,12.122435897846602,13.571076763543765,-1.448640865697163,213,106,"{""CHEMOTHERAPY"": 41, ""RADIO_THERAPY"": 278}","{""CHEMOTHERAPY"": 99, ""RADIO_THERAPY"": 220}",output/prediction_REC/72genes/TabSurv_REC/METABRIC_72genes_TabSurv_seed40_predict.csv,72genes
41,METABRIC_72genes,TabSurv,42,0.3,0.5553114033649273,0.8847333943354485,12.64370205819663,12.08092235650844,0.562779701688191,213,106,"{""CHEMOTHERAPY"": 81, ""RADIO_THERAPY"": 238}","{""CHEMOTHERAPY"": 99, ""RADIO_THERAPY"": 220}",output/prediction_REC/72genes/TabSurv_REC/METABRIC_72genes_TabSurv_seed41_predict.csv,72genes
42,METABRIC_72genes,TabSurv,42,0.3,0.531191002209279,0.009670585738257544,16.169018141060047,12.44811658027599,3.720901560784057,145,174,"{""CHEMOTHERAPY"": 130, ""RADIO_THERAPY"": 189}","{""CHEMOTHERAPY"": 92, ""RADIO_THERAPY"": 227}",output/prediction_REC/72genes/TabSurv_REC/METABRIC_72genes_TabSurv_seed42_predict.csv,72genes
43,METABRIC_72genes,TabSurv,42,0.3,0.5821736630247268,0.1851717426502696,14.041054969622449,11.725381179155416,2.3156737904670326,209,110,"{""CHEMOTHERAPY"": 1, ""RADIO_THERAPY"": 318}","{""CHEMOTHERAPY"": 109, ""RADIO_THERAPY"": 210}",output/prediction_REC/72genes/TabSurv_REC/METABRIC_72genes_TabSurv_seed43_predict.csv,72genes
44,METABRIC_72genes,TabSurv,42,0.3,0.5959072706565267,0.8975942142320619,12.168211026793127,12.143851062801762,0.02435996399136542,81,238,"{""CHEMOTHERAPY"": 244, ""RADIO_THERAPY"": 75}","{""CHEMOTHERAPY"": 102, ""RADIO_THERAPY"": 217}",output/prediction_REC/72genes/TabSurv_REC/METABRIC_72genes_TabSurv_seed44_predict.csv,72genes
40,METABRIC_allgenes,TabSurv,42,0.3,0.5580173516297398,0.9748680076776288,12.245890072771417,12.250965474065245,-0.005075401293828108,192,127,"{""CHEMOTHERAPY"": 188, ""RADIO_THERAPY"": 131}","{""CHEMOTHERAPY"": 99, ""RADIO_THERAPY"": 220}",output/prediction_REC/allgenes/TabSurv_REC/METABRIC_allgenes_TabSurv_seed40_predict.csv,allgenes
41,METABRIC_allgenes,TabSurv,42,0.3,0.5770555245810239,0.9442079939242553,12.583787013162022,12.168817809820691,0.4149692033413306,145,174,"{""CHEMOTHERAPY"": 185, ""RADIO_THERAPY"": 134}","{""CHEMOTHERAPY"": 99, ""RADIO_THERAPY"": 220}",output/prediction_REC/allgenes/TabSurv_REC/METABRIC_allgenes_TabSurv_seed41_predict.csv,allgenes
42,METABRIC_allgenes,TabSurv,42,0.3,0.5660172725446877,0.42571898753392456,14.823006470356617,13.515271383805066,1.307735086551551,213,106,"{""CHEMOTHERAPY"": 24, ""RADIO_THERAPY"": 295}","{""CHEMOTHERAPY"": 92, ""RADIO_THERAPY"": 227}",output/prediction_REC/allgenes/TabSurv_REC/METABRIC_allgenes_TabSurv_seed42_predict.csv,allgenes
43,METABRIC_allgenes,TabSurv,42,0.3,0.5602070155261645,0.14982133382896456,14.078066786533515,11.647402748902358,2.430664037631157,210,109,"{""RADIO_THERAPY"": 319}","{""CHEMOTHERAPY"": 109, ""RADIO_THERAPY"": 210}",output/prediction_REC/allgenes/TabSurv_REC/METABRIC_allgenes_TabSurv_seed43_predict.csv,allgenes
44,METABRIC_allgenes,TabSurv,42,0.3,0.6238840515816158,0.41456242103479135,11.663429757083716,12.496868549152815,-0.8334387920690993,140,179,"{""CHEMOTHERAPY"": 261, ""RADIO_THERAPY"": 58}","{""CHEMOTHERAPY"": 102, ""RADIO_THERAPY"": 217}",output/prediction_REC/allgenes/TabSurv_REC/METABRIC_allgenes_TabSurv_seed44_predict.csv,allgenes
