scenario,setting,dataset,model,mean_C-index,std_C-index,n_seeds,C-index (mean ± std)
RFS,InD,METABRIC,TabSurv_A,0.596548453927026,0.014060778376772793,5,0.5965 ± 0.0141
RFS,InD,METABRIC,TabSurv_M,0.6265051110753961,0.007867029044993711,5,0.6265 ± 0.0079
RFS,InD,METABRIC,TabSurv_P,0.6164553903885361,0.009521955290827413,5,0.6165 ± 0.0095
RFS,InD,METABRIC,DeepHS,0.5511878305346114,0.019050675707333018,5,0.5512 ± 0.0191
RFS,InD,METABRIC,DeepSurv,0.5922736874408753,0.007580198204787786,5,0.5923 ± 0.0076
RFS,InD,METABRIC,ENCox,0.5992931051960556,0.011925490069732163,5,0.5993 ± 0.0119
RFS,InD,METABRIC,LH,0.5872087599658086,0.021795312671151222,5,0.5872 ± 0.0218
RFS,InD,METABRIC,MTLR,0.5867590301193644,0.02862230097089059,5,0.5868 ± 0.0286
RFS,InD,METABRIC,PCHazard,0.592937047514708,0.01480329031581041,5,0.5929 ± 0.0148
RFS,InD,METABRIC,PMF,0.5866160291839456,0.008794980407910621,5,0.5866 ± 0.0088
RFS,InD,METABRIC,RSF,0.6002103431168324,0.013949413410726686,5,0.6002 ± 0.0139
RFS,OOD,TCGA500,TabSurv_A,0.6076797228370705,0.010982971351000641,5,0.6077 ± 0.0110
RFS,OOD,TCGA500,TabSurv_M,0.6222307766336252,0.015564343612348904,5,0.6222 ± 0.0156
RFS,OOD,TCGA500,TabSurv_P,0.6296410355115004,0.019164676321051514,5,0.6296 ± 0.0192
RFS,OOD,TCGA500,DeepHS,0.548493888942354,0.04704409065883569,5,0.5485 ± 0.0470
RFS,OOD,TCGA500,DeepSurv,0.6036185160234819,0.033055275200734105,5,0.6036 ± 0.0331
RFS,OOD,TCGA500,ENCox,0.6338562217303435,0.0419242555010115,5,0.6339 ± 0.0419
RFS,OOD,TCGA500,LH,0.5948801847752863,0.03807140065112278,5,0.5949 ± 0.0381
RFS,OOD,TCGA500,MTLR,0.6203252814936002,0.03321808189764423,5,0.6203 ± 0.0332
RFS,OOD,TCGA500,PCHazard,0.6157251467616206,0.031033974589751098,5,0.6157 ± 0.0310
RFS,OOD,TCGA500,PMF,0.5908189779616977,0.03828601566878233,5,0.5908 ± 0.0383
RFS,OOD,TCGA500,RSF,0.6347800981618709,0.01904243160012894,5,0.6348 ± 0.0190
RFS,OOD,GEO,TabSurv_A,0.5993490119535847,0.005219674292378429,5,0.5993 ± 0.0052
RFS,OOD,GEO,TabSurv_M,0.6138501373618624,0.008760010102719545,5,0.6139 ± 0.0088
RFS,OOD,GEO,TabSurv_P,0.6099216445063717,0.008962361957126004,5,0.6099 ± 0.0090
RFS,OOD,GEO,DeepHS,0.5228381724949089,0.031547869862875805,5,0.5228 ± 0.0315
RFS,OOD,GEO,DeepSurv,0.579606135308486,0.014729759173311702,5,0.5796 ± 0.0147
RFS,OOD,GEO,ENCox,0.5717480213686544,0.02022310732989893,5,0.5717 ± 0.0202
RFS,OOD,GEO,LH,0.5601836756567702,0.030803208586711858,5,0.5602 ± 0.0308
RFS,OOD,GEO,MTLR,0.5658496409411685,0.010492548473029042,5,0.5658 ± 0.0105
RFS,OOD,GEO,PCHazard,0.5769074118994297,0.019316545808789467,5,0.5769 ± 0.0193
RFS,OOD,GEO,PMF,0.5691790442773412,0.019656540790055885,5,0.5692 ± 0.0197
RFS,OOD,GEO,RSF,0.5858452408486537,0.007818798296480193,5,0.5858 ± 0.0078
RFS,OOD,GSE6532,TabSurv_A,0.652262317651108,0.012966924975884201,5,0.6523 ± 0.0130
RFS,OOD,GSE6532,TabSurv_M,0.651505122977946,0.024543481044690642,5,0.6515 ± 0.0245
RFS,OOD,GSE6532,TabSurv_P,0.6604643774324217,0.01659613708982804,5,0.6605 ± 0.0166
RFS,OOD,GSE6532,DeepHS,0.5599004527282836,0.04414977184913989,5,0.5599 ± 0.0441
RFS,OOD,GSE6532,DeepSurv,0.6407190701861216,0.02669627703321033,5,0.6407 ± 0.0267
RFS,OOD,GSE6532,ENCox,0.6081491091048689,0.02949278764754594,5,0.6081 ± 0.0295
RFS,OOD,GSE6532,LH,0.6148103042016362,0.031217258674927858,5,0.6148 ± 0.0312
RFS,OOD,GSE6532,MTLR,0.6157740065129331,0.01444198273878576,5,0.6158 ± 0.0144
RFS,OOD,GSE6532,PCHazard,0.6088639432368749,0.03317849309417104,5,0.6089 ± 0.0332
RFS,OOD,GSE6532,PMF,0.6296259034709168,0.024481762576209733,5,0.6296 ± 0.0245
RFS,OOD,GSE6532,RSF,0.6113791003680072,0.01648519414384855,5,0.6114 ± 0.0165
RFS,OOD,GSE19783,TabSurv_A,0.5860507800550627,0.02035744220560939,5,0.5861 ± 0.0204
RFS,OOD,GSE19783,TabSurv_M,0.6186601407158152,0.017370119292501478,5,0.6187 ± 0.0174
RFS,OOD,GSE19783,TabSurv_P,0.619944937289691,0.01334386534531586,5,0.6199 ± 0.0133
RFS,OOD,GSE19783,DeepHS,0.5464056286326093,0.02920733969317112,5,0.5464 ± 0.0292
RFS,OOD,GSE19783,DeepSurv,0.6105842765371673,0.021096285897297878,5,0.6106 ± 0.0211
RFS,OOD,GSE19783,ENCox,0.5799327011318447,0.027821623353976366,5,0.5799 ± 0.0278
RFS,OOD,GSE19783,LH,0.5821352095442032,0.061053707109745704,5,0.5821 ± 0.0611
RFS,OOD,GSE19783,MTLR,0.5985928418476598,0.03764011013527751,5,0.5986 ± 0.0376
RFS,OOD,GSE19783,PCHazard,0.5947996329152646,0.047982377202987175,5,0.5948 ± 0.0480
RFS,OOD,GSE19783,PMF,0.578709085347201,0.044206771863931696,5,0.5787 ± 0.0442
RFS,OOD,GSE19783,RSF,0.5845824411134903,0.019736139340110065,5,0.5846 ± 0.0197
RFS,OOD,UK,TabSurv_A,0.6765562093527409,0.01011606522300082,5,0.6766 ± 0.0101
RFS,OOD,UK,TabSurv_M,0.7172963765871787,0.027498840761480774,5,0.7173 ± 0.0275
RFS,OOD,UK,TabSurv_P,0.7103282750077423,0.01791113546313116,5,0.7103 ± 0.0179
RFS,OOD,UK,DeepHS,0.5814648497986993,0.04407202773924172,5,0.5815 ± 0.0441
RFS,OOD,UK,DeepSurv,0.6853050480024775,0.011091364543516401,5,0.6853 ± 0.0111
RFS,OOD,UK,ENCox,0.6398730257045525,0.025638506211973076,5,0.6399 ± 0.0256
RFS,OOD,UK,LH,0.654041498916073,0.037257030325100915,5,0.6540 ± 0.0373
RFS,OOD,UK,MTLR,0.6649427067203468,0.04481429816259601,5,0.6649 ± 0.0448
RFS,OOD,UK,PCHazard,0.6727934344998452,0.020132929734866706,5,0.6728 ± 0.0201
RFS,OOD,UK,PMF,0.6552338185196656,0.022028610110229295,5,0.6552 ± 0.0220
RFS,OOD,UK,RSF,0.671430783524311,0.02009358964047836,5,0.6714 ± 0.0201
RFS,OOD,UPP,TabSurv_A,0.6512408319099768,0.009143910396865879,5,0.6512 ± 0.0091
RFS,OOD,UPP,TabSurv_M,0.6686225258715964,0.0256760486841898,5,0.6686 ± 0.0257
RFS,OOD,UPP,TabSurv_P,0.6640610871094142,0.019449304176899555,5,0.6641 ± 0.0194
RFS,OOD,UPP,DeepHS,0.5835225560132623,0.04950606890853924,5,0.5835 ± 0.0495
RFS,OOD,UPP,DeepSurv,0.6538732040590777,0.029064270487532653,5,0.6539 ± 0.0291
RFS,OOD,UPP,ENCox,0.6284537325429518,0.05381026066153949,5,0.6285 ± 0.0538
RFS,OOD,UPP,LH,0.6443283432131016,0.03362953923188648,5,0.6443 ± 0.0336
RFS,OOD,UPP,MTLR,0.6568873706420175,0.033741542235646085,5,0.6569 ± 0.0337
RFS,OOD,UPP,PCHazard,0.6514417763488395,0.04325894384605335,5,0.6514 ± 0.0433
RFS,OOD,UPP,PMF,0.6709936702501758,0.01043910711422241,5,0.6710 ± 0.0104
RFS,OOD,UPP,RSF,0.6801366422184266,0.015606799740907104,5,0.6801 ± 0.0156
DMFS,InD,nki,TabSurv_A,0.6836609896241486,0.014357499296925277,5,0.6837 ± 0.0144
DMFS,InD,nki,TabSurv_M,0.6979974208783124,0.024304765365534487,5,0.6980 ± 0.0243
DMFS,InD,nki,TabSurv_P,0.6914287244587097,0.017256265820500386,5,0.6914 ± 0.0173
DMFS,InD,nki,DeepHS,0.5588071870577046,0.10302650781653905,5,0.5588 ± 0.1030
DMFS,InD,nki,DeepSurv,0.6572387279643982,0.06011801091270861,5,0.6572 ± 0.0601
DMFS,InD,nki,ENCox,0.6289914052872148,0.02362879548324503,5,0.6290 ± 0.0236
DMFS,InD,nki,LH,0.6521767480848712,0.01896259863016385,5,0.6522 ± 0.0190
DMFS,InD,nki,MTLR,0.6390894029599553,0.03414913590820424,5,0.6391 ± 0.0341
DMFS,InD,nki,PCHazard,0.6584260580006269,0.017588400319035576,5,0.6584 ± 0.0176
DMFS,InD,nki,PMF,0.6267746851120128,0.04118171313413816,5,0.6268 ± 0.0412
DMFS,InD,nki,RSF,0.6573596402469075,0.04689074115076658,5,0.6574 ± 0.0469
DMFS,OOD,hel,TabSurv_A,0.6780797101449275,0.03590974318025684,5,0.6781 ± 0.0359
DMFS,OOD,hel,TabSurv_M,0.697463768115942,0.012897672885777301,5,0.6975 ± 0.0129
DMFS,OOD,hel,TabSurv_P,0.713858695652174,0.01822149953533216,5,0.7139 ± 0.0182
DMFS,OOD,hel,DeepHS,0.588858695652174,0.04955090995616249,5,0.5889 ± 0.0496
DMFS,OOD,hel,DeepSurv,0.6401268115942029,0.03880365430576895,5,0.6401 ± 0.0388
DMFS,OOD,hel,ENCox,0.6410326086956522,0.03701126194220486,5,0.6410 ± 0.0370
DMFS,OOD,hel,LH,0.6490942028985508,0.016349574952707936,5,0.6491 ± 0.0163
DMFS,OOD,hel,MTLR,0.6247282608695652,0.02819016086988111,5,0.6247 ± 0.0282
DMFS,OOD,hel,PCHazard,0.6386775362318841,0.00438400182620656,5,0.6387 ± 0.0044
DMFS,OOD,hel,PMF,0.6516304347826087,0.023123121272821415,5,0.6516 ± 0.0231
DMFS,OOD,hel,RSF,0.6719202898550725,0.013724395447642772,5,0.6719 ± 0.0137
DMFS,OOD,unt,TabSurv_A,0.58453829634932,0.0182611181347669,5,0.5845 ± 0.0183
DMFS,OOD,unt,TabSurv_M,0.6357909806728704,0.03011721172671964,5,0.6358 ± 0.0301
DMFS,OOD,unt,TabSurv_P,0.6187544738725841,0.017330745308291606,5,0.6188 ± 0.0173
DMFS,OOD,unt,DeepHS,0.5458840372226199,0.05522340712316391,5,0.5459 ± 0.0552
DMFS,OOD,unt,DeepSurv,0.6051539012168934,0.051805141857901936,5,0.6052 ± 0.0518
DMFS,OOD,unt,ENCox,0.5848962061560486,0.07144824662118084,5,0.5849 ± 0.0714
DMFS,OOD,unt,LH,0.6181102362204725,0.029321311750745902,5,0.6181 ± 0.0293
DMFS,OOD,unt,MTLR,0.6034359341445955,0.035517025980345195,5,0.6034 ± 0.0355
DMFS,OOD,unt,PCHazard,0.6156048675733714,0.039639218021362735,5,0.6156 ± 0.0396
DMFS,OOD,unt,PMF,0.5728704366499642,0.04077706497551529,5,0.5729 ± 0.0408
DMFS,OOD,unt,RSF,0.6012884753042234,0.0555907788492487,5,0.6013 ± 0.0556
DMFS,OOD,transbig,TabSurv_A,0.6040789759166848,0.007958424001930404,5,0.6041 ± 0.0080
DMFS,OOD,transbig,TabSurv_M,0.5989151659796051,0.016733788938677094,5,0.5989 ± 0.0167
DMFS,OOD,transbig,TabSurv_P,0.5823605988283792,0.016065326017701758,5,0.5824 ± 0.0161
DMFS,OOD,transbig,DeepHS,0.560381861575179,0.03509044844493325,5,0.5604 ± 0.0351
DMFS,OOD,transbig,DeepSurv,0.6145584725536992,0.03333619220774919,5,0.6146 ± 0.0333
DMFS,OOD,transbig,ENCox,0.5617704491212845,0.04233540267147162,5,0.5618 ± 0.0423
DMFS,OOD,transbig,LH,0.5875894988066825,0.01841561268639377,5,0.5876 ± 0.0184
DMFS,OOD,transbig,MTLR,0.5869169017140378,0.03593474006759268,5,0.5869 ± 0.0359
DMFS,OOD,transbig,PCHazard,0.5836623996528532,0.020625887350829233,5,0.5837 ± 0.0206
DMFS,OOD,transbig,PMF,0.5500325450206118,0.050616453525144385,5,0.5500 ± 0.0506
DMFS,OOD,transbig,RSF,0.5978954220004339,0.04550756524625378,5,0.5979 ± 0.0455
DMFS,OOD,mainz,TabSurv_A,0.6325552825552826,0.009019371436922967,5,0.6326 ± 0.0090
DMFS,OOD,mainz,TabSurv_M,0.6902641277641278,0.023114367734553342,5,0.6903 ± 0.0231
DMFS,OOD,mainz,TabSurv_P,0.6584152334152333,0.02309308657790949,5,0.6584 ± 0.0231
DMFS,OOD,mainz,DeepHS,0.6034398034398034,0.08949150038316998,5,0.6034 ± 0.0895
DMFS,OOD,mainz,DeepSurv,0.6230343980343981,0.06797254458927035,5,0.6230 ± 0.0680
DMFS,OOD,mainz,ENCox,0.6267813267813268,0.06052994915071392,5,0.6268 ± 0.0605
DMFS,OOD,mainz,LH,0.6514742014742014,0.035724297684735236,5,0.6515 ± 0.0357
DMFS,OOD,mainz,MTLR,0.644041769041769,0.05252448885234102,5,0.6440 ± 0.0525
DMFS,OOD,mainz,PCHazard,0.6506756756756757,0.048414069699484634,5,0.6507 ± 0.0484
DMFS,OOD,mainz,PMF,0.628470515970516,0.04854360561061068,5,0.6285 ± 0.0485
DMFS,OOD,mainz,RSF,0.6454238329238329,0.05755209895117682,5,0.6454 ± 0.0576
