rec_scenario,dataset,model,n_seeds,mean_C-index,std_C-index,C-index (mean ± std),mean_delta_mean_survival,std_delta_mean_survival,Delta mean survival (mean ± std)
72genes,METABRIC_72genes,DeepHS,5,0.5247708181115324,0.0248652648898157,0.5248 ± 0.0249,0.24799576184993946,2.5949264616549295,0.248 ± 2.595
72genes,METABRIC_72genes,DeepSurv,5,0.5461168779983521,0.026878964952359422,0.5461 ± 0.0269,-1.056521513100136,1.3662077254682412,-1.057 ± 1.366
72genes,METABRIC_72genes,ENCox,5,0.5438536449527417,0.03218564757867678,0.5439 ± 0.0322,0.6478557248649551,1.8100315472957034,0.648 ± 1.810
72genes,METABRIC_72genes,LH,5,0.524920900757002,0.048062362100176344,0.5249 ± 0.0481,-0.06320695471598511,1.2414189362047416,-0.063 ± 1.241
72genes,METABRIC_72genes,MTLR,5,0.544887961690104,0.022841551561696434,0.5449 ± 0.0228,0.3669149008427162,1.667638826710803,0.367 ± 1.668
72genes,METABRIC_72genes,PCHazard,5,0.5383577651533523,0.05189595300652724,0.5384 ± 0.0519,0.8779307208441601,1.5572895099354114,0.878 ± 1.557
72genes,METABRIC_72genes,PMF,5,0.5610670349221338,0.023907788242876492,0.5611 ± 0.0239,0.8797899293154764,1.3467069649421821,0.880 ± 1.347
72genes,METABRIC_72genes,RSF,5,0.5597986411197143,0.02771628110179897,0.5598 ± 0.0277,-0.8095572069386211,1.3581278258866902,-0.810 ± 1.358
72genes,METABRIC_72genes,SurvITE,5,0.5167478747623306,0.028846615710461813,0.5167 ± 0.0288,-1.1914085171325397,1.7349674873421561,-1.191 ± 1.735
72genes,METABRIC_72genes,BITES,5,0.5117747621286243,0.039606784784889715,0.5118 ± 0.0396,0.18300561583634653,1.9419736481559298,0.183 ± 1.942
