seed,dataset,model,c_index,p_value,mean_survival_followed,mean_survival_not_followed,delta_mean_survival,n_followed,n_not_followed,prediction_file,model_seed,test_size,rec_scenario,survite_best_val_loss,survite_epochs_trained,survite_device,survite_n_time_points,bites_best_val_loss,bites_epochs_trained,bites_device
40,METABRIC_72genes,DeepHS,0.5338030800437719,0.8319452700066196,12.26672685638043,13.554264674889692,-1.2875378185092625,220,99,output/prediction_REC/prediction_BASELINES_REC/72genes/METABRIC_72genes_DeepHS_seed40_predict.csv,42,0.3,72genes,,,,,,,
41,METABRIC_72genes,DeepHS,0.48455537399188237,0.11089874812842718,10.694546551267162,13.43556173194602,-2.7410151806788576,75,244,output/prediction_REC/prediction_BASELINES_REC/72genes/METABRIC_72genes_DeepHS_seed41_predict.csv,42,0.3,72genes,,,,,,,
42,METABRIC_72genes,DeepHS,0.5228036899732735,0.015467687346126479,16.04508459100751,12.609186328856659,3.4358982621508503,159,160,output/prediction_REC/prediction_BASELINES_REC/72genes/METABRIC_72genes_DeepHS_seed42_predict.csv,42,0.3,72genes,,,,,,,
43,METABRIC_72genes,DeepHS,0.5308359599453293,0.14982133382896456,14.078066786533515,11.647402748902358,2.430664037631157,210,109,output/prediction_REC/prediction_BASELINES_REC/72genes/METABRIC_72genes_DeepHS_seed43_predict.csv,42,0.3,72genes,,,,,,,
44,METABRIC_72genes,DeepHS,0.551855986603405,0.638064995691153,11.81406004716538,12.41209053850957,-0.5980304913441898,165,154,output/prediction_REC/prediction_BASELINES_REC/72genes/METABRIC_72genes_DeepHS_seed44_predict.csv,42,0.3,72genes,,,,,,,
40,METABRIC_72genes,DeepSurv,0.5221661728988176,0.9391974651384816,12.271799254934349,12.269915117359751,0.0018841375745974887,118,201,output/prediction_REC/prediction_BASELINES_REC/72genes/METABRIC_72genes_DeepSurv_seed40_predict.csv,42,0.3,72genes,,,,,,,
41,METABRIC_72genes,DeepSurv,0.5516314374571715,0.0578244105235641,10.901697058991168,13.365044022458418,-2.4633469634672505,112,207,output/prediction_REC/prediction_BASELINES_REC/72genes/METABRIC_72genes_DeepSurv_seed41_predict.csv,42,0.3,72genes,,,,,,,
42,METABRIC_72genes,DeepSurv,0.5145845906256287,0.8518526369101966,13.899094407622567,14.730399331620822,-0.8313049239982551,219,100,output/prediction_REC/prediction_BASELINES_REC/72genes/METABRIC_72genes_DeepSurv_seed42_predict.csv,42,0.3,72genes,,,,,,,
43,METABRIC_72genes,DeepSurv,0.5664556079328331,0.1449144499107439,11.628190006166676,14.090829539748057,-2.462639533581381,112,207,output/prediction_REC/prediction_BASELINES_REC/72genes/METABRIC_72genes_DeepSurv_seed43_predict.csv,42,0.3,72genes,,,,,,,
44,METABRIC_72genes,DeepSurv,0.5757465810773095,0.7460663387440498,12.332762116745412,11.859962398773803,0.47279971797160947,165,154,output/prediction_REC/prediction_BASELINES_REC/72genes/METABRIC_72genes_DeepSurv_seed44_predict.csv,42,0.3,72genes,,,,,,,
40,METABRIC_72genes,ENCox,0.525048709531054,0.8319452700066177,13.554264674889692,12.26672685638043,1.2875378185092625,99,220,output/prediction_REC/prediction_BASELINES_REC/72genes/METABRIC_72genes_ENCox_seed40_predict.csv,42,0.3,72genes,,,,,,,
41,METABRIC_72genes,ENCox,0.5289125507353328,0.07259338706387657,11.117758599550763,13.284412013998502,-2.1666534144477385,99,220,output/prediction_REC/prediction_BASELINES_REC/72genes/METABRIC_72genes_ENCox_seed41_predict.csv,42,0.3,72genes,,,,,,,
42,METABRIC_72genes,ENCox,0.5093829927867345,0.5115025727915137,14.791023125038452,13.07567736581362,1.7153457592248316,227,92,output/prediction_REC/prediction_BASELINES_REC/72genes/METABRIC_72genes_ENCox_seed42_predict.csv,42,0.3,72genes,,,,,,,
43,METABRIC_72genes,ENCox,0.5830520766505816,0.14982133382896456,14.078066786533515,11.647402748902358,2.430664037631157,210,109,output/prediction_REC/prediction_BASELINES_REC/72genes/METABRIC_72genes_ENCox_seed43_predict.csv,42,0.3,72genes,,,,,,,
44,METABRIC_72genes,ENCox,0.5728718950600056,0.885675010799171,12.228303629620534,12.255919206213271,-0.027615576592737057,102,217,output/prediction_REC/prediction_BASELINES_REC/72genes/METABRIC_72genes_ENCox_seed44_predict.csv,42,0.3,72genes,,,,,,,
40,METABRIC_72genes,LH,0.492353270878373,0.8319452700066196,12.26672685638043,13.554264674889692,-1.2875378185092625,220,99,output/prediction_REC/prediction_BASELINES_REC/72genes/METABRIC_72genes_LH_seed40_predict.csv,42,0.3,72genes,,,,,,,
41,METABRIC_72genes,LH,0.5218227821411628,0.9418080752172087,12.620758343593572,12.09999379634042,0.520764547253151,154,165,output/prediction_REC/prediction_BASELINES_REC/72genes/METABRIC_72genes_LH_seed41_predict.csv,42,0.3,72genes,,,,,,,
42,METABRIC_72genes,LH,0.4652125183205449,0.5115025727915137,14.791023125038452,13.07567736581362,1.7153457592248316,227,92,output/prediction_REC/prediction_BASELINES_REC/72genes/METABRIC_72genes_LH_seed42_predict.csv,42,0.3,72genes,,,,,,,
43,METABRIC_72genes,LH,0.5672924046749045,0.9530315014944616,13.104044897233694,14.243045336688724,-1.13900043945503,192,127,output/prediction_REC/prediction_BASELINES_REC/72genes/METABRIC_72genes_LH_seed43_predict.csv,42,0.3,72genes,,,,,,,
44,METABRIC_72genes,LH,0.5779235277700251,0.9906275743261971,12.206702066043125,12.33230888813674,-0.12560682209361573,218,101,output/prediction_REC/prediction_BASELINES_REC/72genes/METABRIC_72genes_LH_seed44_predict.csv,42,0.3,72genes,,,,,,,
40,METABRIC_72genes,MTLR,0.5236875116769424,0.8912135078112076,12.060601108759462,12.375406711405194,-0.3148056026457322,103,216,output/prediction_REC/prediction_BASELINES_REC/72genes/METABRIC_72genes_MTLR_seed40_predict.csv,42,0.3,72genes,,,,,,,
41,METABRIC_72genes,MTLR,0.5599335828369617,0.22103902391289523,11.214091439225694,13.106802360117303,-1.8927109208916093,108,211,output/prediction_REC/prediction_BASELINES_REC/72genes/METABRIC_72genes_MTLR_seed41_predict.csv,42,0.3,72genes,,,,,,,
42,METABRIC_72genes,MTLR,0.5226887375348449,0.6805460185479054,14.662185102716444,13.419461042893504,1.2427240598229403,233,86,output/prediction_REC/prediction_BASELINES_REC/72genes/METABRIC_72genes_MTLR_seed42_predict.csv,42,0.3,72genes,,,,,,,
43,METABRIC_72genes,MTLR,0.5429974059300996,0.11667291437482145,14.127748757642639,11.576292346672163,2.5514564109704754,209,110,output/prediction_REC/prediction_BASELINES_REC/72genes/METABRIC_72genes_MTLR_seed43_predict.csv,42,0.3,72genes,,,,,,,
44,METABRIC_72genes,MTLR,0.5751325704716718,0.6116100554481794,12.25969814166563,12.011787584708124,0.24791055695750686,125,194,output/prediction_REC/prediction_BASELINES_REC/72genes/METABRIC_72genes_MTLR_seed44_predict.csv,42,0.3,72genes,,,,,,,
40,METABRIC_72genes,PCHazard,0.4973710198307844,0.8319452700066196,12.26672685638043,13.554264674889692,-1.2875378185092625,220,99,output/prediction_REC/prediction_BASELINES_REC/72genes/METABRIC_72genes_PCHazard_seed40_predict.csv,42,0.3,72genes,,,,,,,
41,METABRIC_72genes,PCHazard,0.5424068314796268,0.06200699852962254,13.29965691793706,11.038540669161334,2.2611162487757266,221,98,output/prediction_REC/prediction_BASELINES_REC/72genes/METABRIC_72genes_PCHazard_seed41_predict.csv,42,0.3,72genes,,,,,,,
42,METABRIC_72genes,PCHazard,0.47596057131361896,0.8964186877998181,14.53687470295269,13.602372415794822,0.9345022871578692,211,108,output/prediction_REC/prediction_BASELINES_REC/72genes/METABRIC_72genes_PCHazard_seed42_predict.csv,42,0.3,72genes,,,,,,,
43,METABRIC_72genes,PCHazard,0.5768597807592536,0.14982133382896456,14.078066786533515,11.647402748902358,2.430664037631157,210,109,output/prediction_REC/prediction_BASELINES_REC/72genes/METABRIC_72genes_PCHazard_seed43_predict.csv,42,0.3,72genes,,,,,,,
44,METABRIC_72genes,PCHazard,0.5991906223834775,0.9225552055741383,12.20905079581653,12.15814194665122,0.050908849165310244,226,93,output/prediction_REC/prediction_BASELINES_REC/72genes/METABRIC_72genes_PCHazard_seed44_predict.csv,42,0.3,72genes,,,,,,,
40,METABRIC_72genes,PMF,0.5375930819120827,0.9414451089938729,12.306076448520756,13.424179217164589,-1.1181027686438334,221,98,output/prediction_REC/prediction_BASELINES_REC/72genes/METABRIC_72genes_PMF_seed40_predict.csv,42,0.3,72genes,,,,,,,
41,METABRIC_72genes,PMF,0.5572979811290918,0.3077787484167033,13.054680015621496,11.56130844664552,1.4933715689759772,214,105,output/prediction_REC/prediction_BASELINES_REC/72genes/METABRIC_72genes_PMF_seed41_predict.csv,42,0.3,72genes,,,,,,,
42,METABRIC_72genes,PMF,0.5507658706210306,0.5115025727915137,14.791023125038452,13.07567736581362,1.7153457592248316,227,92,output/prediction_REC/prediction_BASELINES_REC/72genes/METABRIC_72genes_PMF_seed42_predict.csv,42,0.3,72genes,,,,,,,
43,METABRIC_72genes,PMF,0.5585060388831553,0.25039581132993083,13.957651783640284,11.794102934237792,2.163548849402492,214,105,output/prediction_REC/prediction_BASELINES_REC/72genes/METABRIC_72genes_PMF_seed43_predict.csv,42,0.3,72genes,,,,,,,
44,METABRIC_72genes,PMF,0.6011722020653084,0.7992539783113423,12.285076410495286,12.140290172877371,0.14478623761791454,218,101,output/prediction_REC/prediction_BASELINES_REC/72genes/METABRIC_72genes_PMF_seed44_predict.csv,42,0.3,72genes,,,,,,,
40,METABRIC_72genes,RSF,0.5339365308137828,0.9892777337715003,12.801045624652122,12.316158294991155,0.4848873296609675,118,201,output/prediction_REC/prediction_BASELINES_REC/72genes/METABRIC_72genes_RSF_seed40_predict.csv,42,0.3,72genes,,,,,,,
41,METABRIC_72genes,RSF,0.562621896578989,0.627013887729011,12.489573748082343,12.809738704410632,-0.32016495632828956,178,141,output/prediction_REC/prediction_BASELINES_REC/72genes/METABRIC_72genes_RSF_seed41_predict.csv,42,0.3,72genes,,,,,,,
42,METABRIC_72genes,RSF,0.5291548121964538,0.6918812291254384,14.023387880384794,14.375813374054289,-0.3524254936694948,115,204,output/prediction_REC/prediction_BASELINES_REC/72genes/METABRIC_72genes_RSF_seed42_predict.csv,42,0.3,72genes,,,,,,,
43,METABRIC_72genes,RSF,0.5894675183397953,0.034288815822384515,11.19687392160952,14.298028955507455,-3.1011550338979355,108,211,output/prediction_REC/prediction_BASELINES_REC/72genes/METABRIC_72genes_RSF_seed43_predict.csv,42,0.3,72genes,,,,,,,
44,METABRIC_72genes,RSF,0.5838124476695506,0.4426885311776315,11.709298295333378,12.468226175791731,-0.7589278804583532,129,190,output/prediction_REC/prediction_BASELINES_REC/72genes/METABRIC_72genes_RSF_seed44_predict.csv,42,0.3,72genes,,,,,,,
40,METABRIC_72genes,SurvITE,0.49283369365041235,0.005794475113123615,11.197525783643224,14.62879885468828,-3.431273071045057,210,109,output/prediction_REC/prediction_BASELINES_REC/72genes/METABRIC_72genes_SurvITE_seed40_predict.csv,42,0.3,72genes,10.05804443359375,3000.0,cuda,461.0,,,
41,METABRIC_72genes,SurvITE,0.5169469189816035,0.3512780973337136,12.33304178779349,12.417204566451423,-0.08416277865793198,228,91,output/prediction_REC/prediction_BASELINES_REC/72genes/METABRIC_72genes_SurvITE_seed41_predict.csv,42,0.3,72genes,10.750314712524414,3000.0,cuda,467.0,,,
42,METABRIC_72genes,SurvITE,0.48351869414029947,0.32337377500652575,13.715049019684033,16.30298100087864,-2.5879319811946058,244,75,output/prediction_REC/prediction_BASELINES_REC/72genes/METABRIC_72genes_SurvITE_seed42_predict.csv,42,0.3,72genes,83.15143585205078,650.0,cuda,474.0,,,
43,METABRIC_72genes,SurvITE,0.5491618085966918,0.6904753819204965,13.404910074184315,12.762140454313306,0.6427696198710091,219,100,output/prediction_REC/prediction_BASELINES_REC/72genes/METABRIC_72genes_SurvITE_seed43_predict.csv,42,0.3,72genes,10.858105659484863,3000.0,cuda,461.0,,,
44,METABRIC_72genes,SurvITE,0.5412782584426459,0.5699175892859187,11.948491520816358,12.44493589545247,-0.4964443746361127,214,105,output/prediction_REC/prediction_BASELINES_REC/72genes/METABRIC_72genes_SurvITE_seed44_predict.csv,42,0.3,72genes,24.696882247924805,3000.0,cuda,458.0,,,
40,METABRIC_72genes,BITES,0.5381936103771319,0.8319452700066196,12.26672685638043,13.554264674889692,-1.2875378185092625,220,99,output/prediction_REC/prediction_BASELINES_REC/72genes/METABRIC_72genes_BITES_seed40_predict.csv,42,0.3,72genes,,,,,8.064387321472168,51.0,cuda
41,METABRIC_72genes,BITES,0.46998049654736174,0.07259338706387657,11.117758599550763,13.284412013998502,-2.1666534144477385,99,220,output/prediction_REC/prediction_BASELINES_REC/72genes/METABRIC_72genes_BITES_seed41_predict.csv,42,0.3,72genes,,,,,7.934108734130859,51.0,cuda
42,METABRIC_72genes,BITES,0.5315975515130614,0.5115025727915137,14.791023125038452,13.07567736581362,1.7153457592248316,227,92,output/prediction_REC/prediction_BASELINES_REC/72genes/METABRIC_72genes_BITES_seed42_predict.csv,42,0.3,72genes,,,,,7.999905586242676,51.0,cuda
43,METABRIC_72genes,BITES,0.5509469749797774,0.14982133382896456,14.078066786533515,11.647402748902358,2.430664037631157,210,109,output/prediction_REC/prediction_BASELINES_REC/72genes/METABRIC_72genes_BITES_seed43_predict.csv,42,0.3,72genes,,,,,8.003531455993652,51.0,cuda
44,METABRIC_72genes,BITES,0.4681551772257884,0.9154074534593407,12.408471620165145,12.1852621048824,0.22320951528274513,102,217,output/prediction_REC/prediction_BASELINES_REC/72genes/METABRIC_72genes_BITES_seed44_predict.csv,42,0.3,72genes,,,,,8.133159637451172,51.0,cuda
