model,InD C-index (mean ± std across seeds),OOD C-index (mean ± std across cohorts),OOD Stability_CI
TabSurv_M,0.6980 ± 0.0243,0.6556 ± 0.0468,0.608847614578805
TabSurv_P,0.6914 ± 0.0173,0.6433 ± 0.0563,0.587005778591293
TabSurv_A,0.6837 ± 0.0144,0.6248 ± 0.0406,0.5841960055500595
DeepHS,0.5588 ± 0.1030,0.5746 ± 0.0262,0.5484253288627484
DeepSurv,0.6572 ± 0.0601,0.6207 ± 0.0149,0.6058607534166006
ENCox,0.6290 ± 0.0236,0.6036 ± 0.0367,0.5669317493758547
LH,0.6522 ± 0.0190,0.6266 ± 0.0301,0.5964638456025351
MTLR,0.6391 ± 0.0341,0.6148 ± 0.0249,0.5898791830495825
PCHazard,0.6584 ± 0.0176,0.6222 ± 0.0295,0.5926536641088236
PMF,0.6268 ± 0.0412,0.6008 ± 0.0473,0.5534689359927136
RSF,0.6574 ± 0.0469,0.6291 ± 0.0358,0.5933211722029337
