scenario,setting,dataset,baseline,C_proposed,C_baseline,delta_C,ci_lo,ci_hi,se_boot,p_boot,n_patients,n_events,n_seeds,n_boot,p_boot_holm
RFS,InD,METABRIC,DeepHS,0.6265051110753961,0.5511878305346114,0.07531728054078468,0.06055730930361104,0.0900119206872739,0.007605728364117156,0.0,989,571,5,2000,0.0
RFS,InD,METABRIC,DeepSurv,0.6265051110753961,0.5922736874408753,0.03423142363452081,0.024338429875324686,0.04461980445636623,0.005261133536518305,0.0,989,571,5,2000,0.0
RFS,InD,METABRIC,ENCox,0.6265051110753961,0.5992931051960556,0.027212005879340473,0.016915407550838483,0.037308763100534575,0.005231027099435704,0.0,989,571,5,2000,0.0
RFS,InD,METABRIC,LH,0.6265051110753961,0.5872087599658086,0.03929635110958751,0.028937345118827482,0.04998787762875785,0.00535361450639696,0.0,989,571,5,2000,0.0
RFS,InD,METABRIC,MTLR,0.6265051110753961,0.5867590301193644,0.039746080956031715,0.027710707462744816,0.05110271269830696,0.005996947056116187,0.0,989,571,5,2000,0.0
RFS,InD,METABRIC,PCHazard,0.6265051110753961,0.5929370475147081,0.03356806356068798,0.023468697977992663,0.042869077002628195,0.004943432063060215,0.0,989,571,5,2000,0.0
RFS,InD,METABRIC,PMF,0.6265051110753961,0.5866160291839456,0.03988908189145046,0.028956066142488357,0.0504110656358495,0.005522894749184563,0.0,989,571,5,2000,0.0
RFS,InD,METABRIC,RSF,0.6265051110753961,0.6002103431168324,0.02629476795856367,0.01623829550385562,0.03642747870041697,0.005085256935634969,0.0,989,571,5,2000,0.0
DMFS,InD,nki,DeepHS,0.6979974208783124,0.5588071870577046,0.1391902338206078,0.10194734774478399,0.1753175238021805,0.019057422198880805,0.0,160,55,5,2000,0.0
DMFS,InD,nki,DeepSurv,0.6979974208783124,0.6572387279643982,0.04075869291391421,0.011424600375978476,0.06931573323886764,0.014689227894927485,0.003,160,55,5,2000,0.009000000000000001
DMFS,InD,nki,ENCox,0.6979974208783124,0.6289914052872149,0.06900601559109754,0.04207559913907456,0.09769261920232221,0.0141819430643607,0.0,160,55,5,2000,0.0
DMFS,InD,nki,LH,0.6979974208783124,0.6521767480848712,0.04582067279344115,0.016524344556800127,0.07729847353712085,0.015208621509489659,0.001,160,55,5,2000,0.004
DMFS,InD,nki,MTLR,0.6979974208783124,0.6390894029599553,0.05890801791835709,0.028921436661015647,0.08926958673475742,0.015435839771141246,0.0,160,55,5,2000,0.0
DMFS,InD,nki,PCHazard,0.6979974208783124,0.6584260580006269,0.03957136287768548,0.012318236747583125,0.06951368558001457,0.014691011714095757,0.009,160,55,5,2000,0.014
DMFS,InD,nki,PMF,0.6979974208783124,0.6267746851120128,0.07122273576629956,0.04130978559900209,0.10629755480378283,0.01674577295145802,0.0,160,55,5,2000,0.0
DMFS,InD,nki,RSF,0.6979974208783124,0.6573596402469075,0.040637780631404885,0.013868459728468688,0.06668911435832459,0.013618297794464045,0.007,160,55,5,2000,0.014
