scenario,baseline,k_cohorts,mean_C_proposed,mean_C_baseline,re_pooled_delta_C,re_ci_lo,re_ci_hi,re_p_value,tau2,I2,wins,losses,ties,cohorts_CI_above_0,cohorts_CI_below_0,wilcoxon_W,wilcoxon_exact_p,wilcoxon_min_attainable_p,loo_delta_min,loo_delta_max,loo_p_max,loo_most_influential,re_p_holm,wilcoxon_p_holm
RFS,DeepHS,6,0.6486941800246707,0.5571042581016862,0.09415941249745663,0.06541684872566357,0.12290197626924969,0.00038724049209004554,0.0,0.0,6,0,0,4,0,0.0,0.03125,0.03125,0.08810801124737477,0.0969001555113066,0.00317680489171523,UK,0.0030979239367203643,0.25
RFS,DeepSurv,6,0.6486941800246707,0.6289510416861354,0.02563366944133467,0.007502070171311253,0.043765268711358093,0.014994716090939133,0.0,0.0,6,0,0,1,0,0.0,0.03125,0.03125,0.0173950601917999,0.028656597125201796,0.15268668726280227,GEO,0.03041363930092115,0.25
RFS,ENCox,6,0.6486941800246707,0.6103354685972026,0.04401904493635995,0.022109873545975173,0.06592821632674473,0.0035706332601582185,9.866222199604852e-05,0.26030922575733006,5,1,0,3,0,1.0,0.0625,0.03125,0.0394132938878682,0.04664366620207556,0.023412228573542818,UK,0.017853166300791094,0.25
RFS,LH,6,0.6486941800246707,0.6083965360511784,0.04608311180954974,0.028684158614042807,0.06348206500505668,0.001041287363490605,0.0,0.0,6,0,0,3,0,0.0,0.03125,0.03125,0.03987022367249179,0.04876779381061281,0.01199393601129915,GEO,0.007289011544434234,0.25
RFS,MTLR,6,0.6486941800246707,0.6203953080262876,0.03884996732095134,0.019344656536237747,0.05835527810566493,0.0037071597857535293,0.0,0.0,6,0,0,3,0,0.0,0.03125,0.03125,0.031413964536633955,0.0417807538909991,0.037111383803700104,GEO,0.017853166300791094,0.25
RFS,PCHazard,6,0.6486941800246707,0.6200885576103125,0.03463277767964364,0.019350022094660017,0.04991553326462727,0.002106303808633287,0.0,0.0,6,0,0,3,0,0.0,0.03125,0.03125,0.03244380343778287,0.036887929206938494,0.016657028707512084,UPP,0.012637822851799721,0.25
RFS,PMF,6,0.6486941800246707,0.6157600833044996,0.03504068415617255,0.012624475611551639,0.05745689270079346,0.010137879766973716,0.00010804658847861808,0.23837757160228862,5,1,0,2,0,1.0,0.0625,0.03125,0.029989905237701352,0.04122331027958811,0.059453623382279656,UPP,0.03041363930092115,0.25
RFS,RSF,6,0.6486941800246707,0.6280257177057933,0.02641935350320934,0.004166998207982487,0.048671708798436186,0.028361093329176103,0.0,0.0,4,2,0,2,0,3.0,0.15625,0.03125,0.023142301918255764,0.03028225908240227,0.11994211507342213,UPP,0.03041363930092115,0.25
DMFS,DeepHS,4,0.6556085106331363,0.574641099472444,0.07521309970459351,0.02393379478281127,0.12649240462637576,0.018563383067808123,0.00026501800363256143,0.25300247161949796,4,0,0,3,0,0.0,0.125,0.125,0.06745489789145255,0.09315267914220501,0.08844882367350516,transbig,0.12994368147465685,1.0
DMFS,DeepSurv,4,0.6556085106331363,0.6207183958497984,0.033520963459290766,-0.03256773861377741,0.09960966553235895,0.2048959392056904,0.0010303907623389966,0.6021027711375874,3,1,0,2,0,1.0,0.25,0.125,0.02061841588652184,0.05463224712662214,0.4626998545352897,transbig,0.24597058726708296,1.0
DMFS,ENCox,4,0.6556085106331363,0.6036201476885781,0.050518054682910686,0.014246763817491348,0.08678934554833002,0.021339129372052665,0.0,0.0,4,0,0,3,0,0.0,0.125,0.125,0.04638170339815586,0.05715168106308284,0.07124078280311794,transbig,0.12994368147465685,1.0
DMFS,LH,4,0.6556085106331363,0.6265670348499768,0.02894792936427878,-0.002307532340772491,0.06020339106933005,0.0601459568605827,0.0,0.0,4,0,0,2,0,0.0,0.125,0.125,0.02361072831915044,0.037629505234287146,0.17782967280789652,transbig,0.24597058726708296,1.0
DMFS,MTLR,4,0.6556085106331363,0.6147807164424919,0.038348768635122245,-2.4878013032747504e-05,0.07672241528327724,0.050079282159912655,0.00017338691568881423,0.29952505401903234,4,0,0,2,0,0.0,0.125,0.125,0.031743086710425014,0.04865180743369404,0.18460932037776165,transbig,0.24597058726708296,1.0
DMFS,PCHazard,4,0.6556085106331363,0.6221551197834461,0.03144424720582794,0.00020817221349407264,0.0626803221981618,0.04919411745341659,0.0,0.0,4,0,0,2,0,0.0,0.125,0.125,0.024885841144172062,0.04022923580372654,0.16309064180215965,transbig,0.24597058726708296,1.0
DMFS,PMF,4,0.6556085106331363,0.6007509831059252,0.05519220480322293,0.02263999318131253,0.08774441642513332,0.012475066931784282,0.0,0.0,4,0,0,3,0,0.0,0.125,0.125,0.05110347369934189,0.058018090282078966,0.05917597570789738,mainz,0.09980053545427425,1.0
DMFS,RSF,4,0.6556085106331363,0.6291320050208906,0.02529653385403716,-0.009514378574510488,0.06010744628258481,0.10378069663867093,0.0001156590596363304,0.23948690881903567,4,0,0,1,0,0.0,0.125,0.125,0.014859666420119749,0.03763023054430719,0.3251445548699178,transbig,0.24597058726708296,1.0
