scenario,baseline,left_out,pooled_delta_C,ci_lo,ci_hi,p_value,tau2,I2,k
RFS,DeepHS,TCGA500,0.09533003634064285,0.06340830548714013,0.12725176719414558,0.00115515080073134,0.0,0.0,5
RFS,DeepHS,GEO,0.0969001555113066,0.054438704059092985,0.1393616069635202,0.00317680489171523,0.0,0.0,5
RFS,DeepHS,GSE6532,0.0947649732027134,0.06023677039583882,0.12929317600958798,0.0015922562937569279,0.0,0.0,5
RFS,DeepHS,GSE19783,0.09552839698333004,0.06352861938246003,0.12752817458420007,0.0011567536320443235,0.0,0.0,5
RFS,DeepHS,UK,0.08810801124737477,0.05488594753006864,0.1213300749646809,0.0018123476322044207,0.0,0.0,5
RFS,DeepHS,UPP,0.09520065402917594,0.062420739524790866,0.127980568533561,0.0012846912871337063,0.0,0.0,5
RFS,DeepSurv,TCGA500,0.025979886878943405,0.005919216955972941,0.046040556801913865,0.02284588523303308,0.0,0.0,5
RFS,DeepSurv,GEO,0.0173950601917999,-0.009999865110292421,0.04478998549389222,0.15268668726280227,0.0,0.0,5
RFS,DeepSurv,GSE6532,0.028656597125201796,0.0071716501342152725,0.05014154411618832,0.020776827451492993,0.0,0.0,5
RFS,DeepSurv,GSE19783,0.026848849139747916,0.0065988354541394005,0.04709886282535643,0.021181626700823443,0.0,0.0,5
RFS,DeepSurv,UK,0.02466831780322366,0.0036503856601535767,0.04568624994629374,0.03112023467481242,0.0,0.0,5
RFS,DeepSurv,UPP,0.02682061141212975,0.006196777554093907,0.0474444452701656,0.022543086152030347,0.0,0.0,5
RFS,ENCox,TCGA500,0.04664366620207556,0.028535495011696197,0.06475183739245492,0.0020227079246197648,0.0,0.0,5
RFS,ENCox,GEO,0.04384647653540126,0.009729729246217164,0.07796322382458536,0.023412228573542818,0.00026372756140759473,0.40120427867655756,5
RFS,ENCox,GSE6532,0.04350775176792079,0.010673332686076092,0.07634217084976548,0.021223127775057273,0.00023767414483167424,0.4077610420549865,5
RFS,ENCox,GSE19783,0.044266271437397677,0.015130259146277247,0.0734022837285181,0.013496557529088272,0.00016919045162924366,0.40414712544442427,5
RFS,ENCox,UK,0.0394132938878682,0.020459657310509367,0.05836693046522703,0.004468579259272475,0.0,0.0,5
RFS,ENCox,UPP,0.044269899691752684,0.014110017865702363,0.07442978151780301,0.015155816207306931,0.00018234506593191172,0.40433463177167916,5
RFS,LH,TCGA500,0.04707645954989676,0.027792299261806895,0.06636061983798663,0.002473130400737568,0.0,0.0,5
RFS,LH,GEO,0.03987022367249179,0.0145229899934218,0.06521745735156177,0.01199393601129915,0.0,0.0,5
RFS,LH,GSE6532,0.04865520960172173,0.02744425844414998,0.06986616075929349,0.0031167947542253887,0.0,0.0,5
RFS,LH,GSE19783,0.04647783790155163,0.027301391681633876,0.0656542841214694,0.002540417973966954,0.0,0.0,5
RFS,LH,UK,0.04340535971680982,0.023200851701886665,0.06360986773173297,0.003967526553378669,0.0,0.0,5
RFS,LH,UPP,0.04876779381061281,0.028851346989532404,0.06868424063169322,0.002445267943180543,0.0,0.0,5
RFS,MTLR,TCGA500,0.040494475082439654,0.018963314130084175,0.062025636034795134,0.006419709933236422,0.0,0.0,5
RFS,MTLR,GEO,0.031413964536633955,0.003050111793289064,0.05977781727997884,0.037111383803700104,0.0,0.0,5
RFS,MTLR,GSE6532,0.03969134462736494,0.01595174820524303,0.06343094104948685,0.009718941243353964,0.0,0.0,5
RFS,MTLR,GSE19783,0.04003000506086259,0.018310916684463944,0.061749093437261246,0.006899497521327018,0.0,0.0,5
RFS,MTLR,UK,0.03665251562790363,0.013935572553719161,0.059369458702088096,0.010992903582506451,0.0,0.0,5
RFS,MTLR,UPP,0.0417807538909991,0.019604016046385838,0.06395749173561235,0.006380218825344909,0.0,0.0,5
RFS,PCHazard,TCGA500,0.03611607978381228,0.019179762552144725,0.05305239701547984,0.004076420044171178,0.0,0.0,5
RFS,PCHazard,GEO,0.03253472514110666,0.00973240431772891,0.05533704596448441,0.016657028707512084,0.0,0.0,5
RFS,PCHazard,GSE6532,0.03244380343778287,0.013817331049905481,0.05107027582566026,0.008424227372949011,0.0,0.0,5
RFS,PCHazard,GSE19783,0.03509093403639891,0.018236901362542367,0.05194496671025545,0.004448357621374827,0.0,0.0,5
RFS,PCHazard,UK,0.03348649529907384,0.0160476429146494,0.05092534768349828,0.005959664131163434,0.0,0.0,5
RFS,PCHazard,UPP,0.036887929206938494,0.01934716098179318,0.05442869743208381,0.0042890692255701315,0.0,0.0,5
RFS,PMF,TCGA500,0.03480577091977599,0.006120284446065997,0.06349125739348599,0.028074323333679457,0.00019272126536947227,0.38799867523687775,5
RFS,PMF,GEO,0.029989905237701352,-0.001919102794849973,0.06189891327025268,0.059453623382279656,0.0001770445674106442,0.2690233800002373,5
RFS,PMF,GSE6532,0.03817453199757051,0.009311070117757739,0.06703799387738328,0.021351691330414754,0.00014994285890156141,0.27592627676855264,5
RFS,PMF,GSE19783,0.03399825918642879,0.005324215560200223,0.06267230281265736,0.030159482551791437,0.00019464798728529602,0.38936441435508656,5
RFS,PMF,UK,0.0310844637479781,0.007545599521533858,0.05462332797442234,0.021457879644018303,4.31245219539373e-05,0.10864058728073757,5
RFS,PMF,UPP,0.04122331027958811,0.020426595940156445,0.06202002461901977,0.005315986921149996,0.0,0.0,5
RFS,RSF,TCGA500,0.029226045602949446,0.004341142148847472,0.054110949057051425,0.031057578438654383,0.0,0.0,5
RFS,RSF,GEO,0.024520285945791368,-0.010008711788333884,0.05904928367991662,0.11994211507342213,4.758742196398596e-05,0.059012574682009974,5
RFS,RSF,GSE6532,0.023142301918255764,-0.003611413155926259,0.049896016992437786,0.07422257936314079,0.0,0.0,5
RFS,RSF,GSE19783,0.025715661825377288,-0.0005547399600928128,0.051986063610847386,0.053106505530400215,2.7951503367541257e-05,0.05645592926004757,5
RFS,RSF,UK,0.023767852069200675,-0.0018527756529494455,0.049388479791350796,0.061608867849590764,0.0,0.0,5
RFS,RSF,UPP,0.03028225908240227,0.0050537452378290396,0.0555107729269755,0.029034679277638704,0.0,0.0,5
DMFS,DeepHS,hel,0.06745489789145255,-0.008507295921452052,0.14341709170435715,0.06218003295323113,0.00024375528587773464,0.25521585132024566,3
DMFS,DeepHS,unt,0.07365322859419743,-0.01526046713472505,0.16256692432311992,0.07049651224956362,0.0006012547705084907,0.4701034268947496,3
DMFS,DeepHS,transbig,0.09315267914220501,0.01968990836094474,0.16661544992346528,0.0319913654459875,0.0,0.0,3
DMFS,DeepHS,mainz,0.07268695498976145,-0.027068283845372812,0.17244219382489573,0.08844882367350516,0.000706190759587162,0.4326552707226084,3
DMFS,DeepSurv,hel,0.02667207452122307,-0.0870998610574642,0.14044401009991034,0.419319250106321,0.0014474159108156044,0.6939457849116296,3
DMFS,DeepSurv,unt,0.03490502223244446,-0.08539092107136566,0.15520096553625456,0.3381934478666372,0.0017161289787407858,0.7347303925287177,3
DMFS,DeepSurv,transbig,0.05463224712662214,-0.013465402322422021,0.1227298965756663,0.07464939929220853,0.0,0.0,3
DMFS,DeepSurv,mainz,0.02061841588652184,-0.07784811792315421,0.1190849496961979,0.4626998545352897,0.0008318942448540505,0.529158580506495,3
DMFS,ENCox,hel,0.04898885332605048,-0.0060265372652018034,0.10400424391730276,0.06186926006795293,0.0,0.0,3
DMFS,ENCox,unt,0.05041112844718223,-0.005152783041798434,0.10597503993616289,0.05979786474785529,0.0,0.0,3
DMFS,ENCox,transbig,0.05715168106308284,-0.002828657415399498,0.11713201954156519,0.05466325619583542,0.0,0.0,3
DMFS,ENCox,mainz,0.04638170339815586,-0.009939017314693696,0.10270242411100541,0.07124078280311794,0.0,0.0,3
DMFS,LH,hel,0.02361072831915044,-0.02410080182780571,0.0713222584661066,0.1669989413484156,0.0,0.0,3
DMFS,LH,unt,0.030873460970226085,-0.016860294328507018,0.0786072162689592,0.1085093920597383,3.3833964501906e-05,0.09053990177075302,3
DMFS,LH,transbig,0.037629505234287146,-0.013997848008102269,0.08925685847667655,0.08840345077367714,0.0,0.0,3
DMFS,LH,mainz,0.024322221438782956,-0.02691190511422768,0.07555634799179359,0.17782967280789652,0.0,0.0,3
DMFS,MTLR,hel,0.031743086710425014,-0.015033848344587937,0.07852002176543796,0.10001063875445142,1.8243717017894363e-05,0.048610274499391135,3
DMFS,MTLR,unt,0.04053817989073872,-0.03105936657809804,0.11213572635957547,0.13516174949773577,0.0004044963464489538,0.5266824295776882,3
DMFS,MTLR,transbig,0.04865180743369404,-0.0013612400356008553,0.09866485490298893,0.052616977796351924,0.0,0.0,3
DMFS,MTLR,mainz,0.03561411300574703,-0.041314791747999416,0.11254301775949348,0.18460932037776165,0.00045340857315992564,0.4707345157006188,3
DMFS,PCHazard,hel,0.024885841144172062,-0.022138097423611107,0.07190977971195522,0.15050726591431385,0.0,0.0,3
DMFS,PCHazard,unt,0.03467254064393188,-0.018714272493540338,0.0880593537814041,0.10775657412795092,0.00010897794531475614,0.23334301719887898,3
DMFS,PCHazard,transbig,0.04022923580372654,-0.012221780317129775,0.09268025192458285,0.08084433383032591,0.0,0.0,3
DMFS,PCHazard,mainz,0.02913249676580492,-0.028834254949783394,0.08709924848139323,0.16309064180215965,0.0001294665669497702,0.23196772300523358,3
DMFS,PMF,hel,0.057149071928354396,0.008755751422800613,0.10554239243390817,0.03661859927845631,0.0,0.0,3
DMFS,PMF,unt,0.05398337512943705,0.0066559796495120616,0.10131077060936204,0.039098874486323175,0.0,0.0,3
DMFS,PMF,transbig,0.058018090282078966,0.005061406101259429,0.1109747744628985,0.04217641050119585,0.0,0.0,3
DMFS,PMF,mainz,0.05110347369934189,-0.0049018244924730545,0.10710877189115683,0.05917597570789738,0.0,0.0,3
DMFS,RSF,hel,0.025672359778402886,-0.037678934510076964,0.08902365406688274,0.2233498809881987,0.00031946231835877224,0.49288259490442454,3
DMFS,RSF,unt,0.0234357569365405,-0.038204769604978046,0.08507628347805904,0.24350106528932572,0.0002866708947351927,0.4663987189351591,3
DMFS,RSF,transbig,0.03763023054430719,-0.012249193871359365,0.08750965495997375,0.08322956251692525,0.0,0.0,3
DMFS,RSF,mainz,0.014859666420119749,-0.03457669614671961,0.06429602898695912,0.3251445548699178,0.0,0.0,3
