scenario,setting,dataset,baseline,C_proposed,C_baseline,delta_C,ci_lo,ci_hi,se_boot,p_boot,n_patients,n_events,n_seeds,n_boot
RFS,OOD,TCGA500,DeepHS,0.6222307766336252,0.548493888942354,0.07373688769127129,-0.02234415064860433,0.16668057524965987,0.04802234613233274,0.124,499,45,5,2000
RFS,OOD,TCGA500,DeepSurv,0.6222307766336252,0.6036185160234819,0.018612260610143316,-0.04485103168212273,0.08476992561987692,0.032538235838803706,0.553,499,45,5,2000
RFS,OOD,TCGA500,ENCox,0.6222307766336252,0.6338562217303435,-0.011625445096718257,-0.07058106429865887,0.049955076672699446,0.031105353784744334,0.714,499,45,5,2000
RFS,OOD,TCGA500,LH,0.6222307766336252,0.5948801847752863,0.02735059185833899,-0.032489384623562836,0.08620793700694628,0.030161927330648538,0.361,499,45,5,2000
RFS,OOD,TCGA500,MTLR,0.6222307766336252,0.6203252814936002,0.0019054951400250264,-0.06857240701102765,0.07669565804350008,0.036756582519476305,0.972,499,45,5,2000
RFS,OOD,TCGA500,PCHazard,0.6222307766336252,0.6157251467616206,0.006505629872004648,-0.04315660256280558,0.05933775226591865,0.026563049397540516,0.789,499,45,5,2000
RFS,OOD,TCGA500,PMF,0.6222307766336252,0.5908189779616977,0.03141179867192756,-0.029283674382403955,0.09104740381106623,0.03052571833326978,0.289,499,45,5,2000
RFS,OOD,TCGA500,RSF,0.6222307766336252,0.634780098161871,-0.012549321528245727,-0.07890899897034151,0.051118211759135175,0.03339698816674085,0.69,499,45,5,2000
RFS,OOD,GEO,DeepHS,0.6138501373618626,0.5228381724949088,0.09101196486695373,0.0586529582874437,0.1220576780462215,0.016388939151162296,0.0,736,349,5,2000
RFS,OOD,GEO,DeepSurv,0.6138501373618626,0.5796061353084859,0.03424400205337663,0.014650228900922406,0.05383094189294805,0.010087046920709034,0.0,736,349,5,2000
RFS,OOD,GEO,ENCox,0.6138501373618626,0.5717480213686544,0.04210211599320812,0.023069340406193538,0.06095629741766109,0.009775655116072621,0.0,736,349,5,2000
RFS,OOD,GEO,LH,0.6138501373618626,0.5601836756567702,0.05366646170509237,0.03389426182640462,0.07342178576910294,0.010086146170477856,0.0,736,349,5,2000
RFS,OOD,GEO,MTLR,0.6138501373618626,0.5658496409411685,0.04800049642069404,0.024770215401044723,0.06927360871485519,0.011332597446933487,0.0,736,349,5,2000
RFS,OOD,GEO,PCHazard,0.6138501373618626,0.5769074118994297,0.036942725462432824,0.020239263121841163,0.053938191546046795,0.008617531155521356,0.0,736,349,5,2000
RFS,OOD,GEO,PMF,0.6138501373618626,0.5691790442773412,0.04467109308452133,0.02335935588135075,0.06445322495438076,0.010561851394468186,0.0,736,349,5,2000
RFS,OOD,GEO,RSF,0.6138501373618626,0.5858452408486536,0.02800489651320892,0.0039019608094186613,0.051909043724996176,0.012540925145642633,0.027,736,349,5,2000
RFS,OOD,GSE6532,DeepHS,0.651505122977946,0.5599004527282836,0.09160467024966246,0.04090574306915261,0.14065876595843088,0.025543451777972553,0.0,401,139,5,2000
RFS,OOD,GSE6532,DeepSurv,0.651505122977946,0.6407190701861216,0.01078605279182443,-0.02232756490593515,0.04503234139051894,0.017149824865088682,0.526,401,139,5,2000
RFS,OOD,GSE6532,ENCox,0.651505122977946,0.6081491091048687,0.043356013873077304,0.017284088303346455,0.06885437279192533,0.012883441460875994,0.001,401,139,5,2000
RFS,OOD,GSE6532,LH,0.651505122977946,0.6148103042016361,0.03669481877630998,0.008045465735734766,0.06529384962430969,0.014595555635763173,0.015,401,139,5,2000
RFS,OOD,GSE6532,MTLR,0.651505122977946,0.6157740065129331,0.035731116465012924,0.0031210470616954296,0.0690873541404457,0.016462134549207252,0.033,401,139,5,2000
RFS,OOD,GSE6532,PCHazard,0.651505122977946,0.6088639432368749,0.04264117974107118,0.017235183087196043,0.06722814302673392,0.012831993488214224,0.0,401,139,5,2000
RFS,OOD,GSE6532,PMF,0.651505122977946,0.6296259034709168,0.0218792195070292,-0.009047817908309783,0.05410985876217252,0.015953970923114208,0.156,401,139,5,2000
RFS,OOD,GSE6532,RSF,0.651505122977946,0.6113791003680072,0.040126022609938805,0.0031123422365606037,0.0789319728989823,0.019706946235672183,0.037,401,139,5,2000
RFS,OOD,GSE19783,DeepHS,0.6186601407158152,0.5464056286326093,0.07225451208320588,-0.01868691979992369,0.16142297396208324,0.04610300642304561,0.116,99,43,5,2000
RFS,OOD,GSE19783,DeepSurv,0.6186601407158152,0.6105842765371674,0.008075864178647807,-0.04408239036140691,0.06175887363838573,0.027723693646880126,0.762,99,43,5,2000
RFS,OOD,GSE19783,ENCox,0.6186601407158152,0.5799327011318446,0.038727439583970624,-0.009404730459699695,0.09048696735612016,0.0261189944253226,0.13,99,43,5,2000
RFS,OOD,GSE19783,LH,0.6186601407158152,0.5821352095442031,0.03652493117161215,-0.028424625634405728,0.10221885607048391,0.033987462008170835,0.298,99,43,5,2000
RFS,OOD,GSE19783,MTLR,0.6186601407158152,0.5985928418476598,0.020067298868155392,-0.042103286876136625,0.08125388938337855,0.031209240434069613,0.513,99,43,5,2000
RFS,OOD,GSE19783,PCHazard,0.6186601407158152,0.5947996329152645,0.023860507800550712,-0.031665656578556224,0.08122131379614224,0.029434827477332025,0.431,99,43,5,2000
RFS,OOD,GSE19783,PMF,0.6186601407158152,0.578709085347201,0.03995105536861421,-0.0187954379318844,0.09852330983249256,0.029887004190094997,0.183,99,43,5,2000
RFS,OOD,GSE19783,RSF,0.6186601407158152,0.5845824411134903,0.034077699602324873,-0.03836152244134366,0.1109990340276803,0.03833686741963304,0.401,99,43,5,2000
RFS,OOD,UK,DeepHS,0.7172963765871787,0.5814648497986993,0.13583152678847943,0.07432153973788265,0.19670447354944023,0.03140019232337001,0.0,207,77,5,2000
RFS,OOD,UK,DeepSurv,0.7172963765871787,0.6853050480024775,0.03199132858470122,-0.006437552110234098,0.06972627569314345,0.01942704497110218,0.103,207,77,5,2000
RFS,OOD,UK,ENCox,0.7172963765871787,0.6398730257045524,0.07742335088262631,0.04153443710715738,0.11358362843448203,0.0180068361535407,0.0,207,77,5,2000
RFS,OOD,UK,LH,0.7172963765871787,0.654041498916073,0.06325487767110571,0.027929724280297188,0.09853572104481864,0.01842813919275071,0.0,207,77,5,2000
RFS,OOD,UK,MTLR,0.7172963765871787,0.6649427067203468,0.052353669866831876,0.012028221564926342,0.09118746475805808,0.02028278381230074,0.016,207,77,5,2000
RFS,OOD,UK,PCHazard,0.7172963765871787,0.6727934344998452,0.04450294208733352,0.0066563123949666195,0.08086287863278863,0.01843084281131369,0.024,207,77,5,2000
RFS,OOD,UK,PMF,0.7172963765871787,0.6552338185196656,0.06206255806751315,0.02456903571307903,0.09973263914622393,0.019112975994878042,0.003,207,77,5,2000
RFS,OOD,UK,RSF,0.7172963765871787,0.671430783524311,0.04586559306286775,-0.0026911564921087237,0.09499378301659363,0.02499036259134721,0.066,207,77,5,2000
RFS,OOD,UPP,DeepHS,0.6686225258715964,0.5835225560132623,0.08509996985833412,0.015094326313634124,0.15350663905346854,0.03482520839416303,0.015,234,54,5,2000
RFS,OOD,UPP,DeepSurv,0.6686225258715964,0.6538732040590777,0.014749321812518756,-0.028364772773514395,0.0590459753704756,0.022494004037492507,0.497,234,54,5,2000
RFS,OOD,UPP,ENCox,0.6686225258715964,0.6284537325429518,0.04016879332864465,-4.741566115814193e-05,0.0795726330728635,0.020121752119961697,0.052,234,54,5,2000
RFS,OOD,UPP,LH,0.6686225258715964,0.6443283432131015,0.024294182658494923,-0.014954481123950347,0.0643865894767577,0.020435924409713632,0.226,234,54,5,2000
RFS,OOD,UPP,MTLR,0.6686225258715964,0.6568873706420174,0.01173515522957902,-0.03353093344939916,0.060804729200248916,0.024295160618700393,0.608,234,54,5,2000
RFS,OOD,UPP,PCHazard,0.6686225258715964,0.6514417763488396,0.017180749522756833,-0.016102026739743005,0.05128891400390418,0.017574970603788202,0.31,234,54,5,2000
RFS,OOD,UPP,PMF,0.6686225258715964,0.6709936702501758,-0.0023711443785793263,-0.0421284016018814,0.04168924173673454,0.021408569134543334,0.936,234,54,5,2000
RFS,OOD,UPP,RSF,0.6686225258715964,0.6801366422184266,-0.011514116346830194,-0.06859810558282463,0.04514619587977739,0.02847454646600955,0.723,234,54,5,2000
DMFS,OOD,hel,DeepHS,0.697463768115942,0.588858695652174,0.10860507246376805,0.044225482230447484,0.17529250855823583,0.03351596554052788,0.001,115,25,5,2000
DMFS,OOD,hel,DeepSurv,0.697463768115942,0.6401268115942029,0.05733695652173909,0.004981651631584797,0.11822376880645472,0.029298175603403764,0.032,115,25,5,2000
DMFS,OOD,hel,ENCox,0.697463768115942,0.6410326086956523,0.056431159420289756,0.005762680853842317,0.10210447735871464,0.02514336233010708,0.03,115,25,5,2000
DMFS,OOD,hel,LH,0.697463768115942,0.6490942028985508,0.04836956521739122,0.009669467787114878,0.09151351484427,0.02115305857518493,0.017,115,25,5,2000
DMFS,OOD,hel,MTLR,0.697463768115942,0.6247282608695652,0.07273550724637678,0.0247113804515792,0.12501447378883557,0.025580747640319076,0.004,115,25,5,2000
DMFS,OOD,hel,PCHazard,0.697463768115942,0.6386775362318841,0.05878623188405796,0.017436782456756075,0.10503610485071879,0.022315086401133576,0.007,115,25,5,2000
DMFS,OOD,hel,PMF,0.697463768115942,0.6516304347826087,0.04583333333333328,-0.0032355328027679174,0.09531306266371505,0.02459689004929204,0.059,115,25,5,2000
DMFS,OOD,hel,RSF,0.697463768115942,0.6719202898550724,0.025543478260869668,-0.02123723312891376,0.06997244951339393,0.023472343527081472,0.279,115,25,5,2000
DMFS,OOD,unt,DeepHS,0.6357909806728704,0.5458840372226199,0.08990694345025052,0.01623776402765504,0.16001630988786944,0.03646075383107472,0.019,133,28,5,2000
DMFS,OOD,unt,DeepSurv,0.6357909806728704,0.6051539012168934,0.030637079455977045,-0.029201240345326264,0.09009599544559664,0.03072342588089175,0.315,133,28,5,2000
DMFS,OOD,unt,ENCox,0.6357909806728704,0.5848962061560486,0.050894774516821784,0.004500360811374577,0.10066330753498816,0.0242394978985354,0.032,133,28,5,2000
DMFS,OOD,unt,LH,0.6357909806728704,0.6181102362204725,0.01768074445239798,-0.03243568412162158,0.07316880301629541,0.02676403382478265,0.509,133,28,5,2000
DMFS,OOD,unt,MTLR,0.6357909806728704,0.6034359341445955,0.03235504652827492,-0.013262511695385712,0.08341319290936382,0.024806178536516257,0.178,133,28,5,2000
DMFS,OOD,unt,PCHazard,0.6357909806728704,0.6156048675733714,0.020186113099499026,-0.02703250562996324,0.06576204706761293,0.023804337392275103,0.385,133,28,5,2000
DMFS,OOD,unt,PMF,0.6357909806728704,0.5728704366499643,0.06292054402290614,0.007943170262271173,0.11891427757670295,0.02781229593133057,0.025,133,28,5,2000
DMFS,OOD,unt,RSF,0.6357909806728704,0.6012884753042234,0.034502505368647074,-0.01069151465701627,0.08281697000769032,0.023559273157339154,0.142,133,28,5,2000
DMFS,OOD,transbig,DeepHS,0.5989151659796051,0.560381861575179,0.03853330440442615,-0.005388421672581454,0.08214962054369443,0.022573910308367213,0.074,198,62,5,2000
DMFS,OOD,transbig,DeepSurv,0.5989151659796051,0.6145584725536992,-0.015643306574094074,-0.055709964686922304,0.028188235093070852,0.022208442251345415,0.527,198,62,5,2000
DMFS,OOD,transbig,ENCox,0.5989151659796051,0.5617704491212845,0.03714471685832066,-0.00182280910188953,0.07480968998926166,0.019793245937795575,0.06,198,62,5,2000
DMFS,OOD,transbig,LH,0.5989151659796051,0.5875894988066827,0.011325667172922493,-0.022274827015483643,0.04481415503473708,0.017095236462006915,0.51,198,62,5,2000
DMFS,OOD,transbig,MTLR,0.5989151659796051,0.5869169017140378,0.011998264265567382,-0.022458856023041745,0.048653744108374634,0.017941373230565313,0.463,198,62,5,2000
DMFS,OOD,transbig,PCHazard,0.5989151659796051,0.5836623996528532,0.015252766326751988,-0.018385578369857776,0.049173096352864196,0.016549706469459156,0.339,198,62,5,2000
DMFS,OOD,transbig,PMF,0.5989151659796051,0.5500325450206118,0.04888262095899332,0.012270578232179634,0.08599495036685367,0.01839109417201676,0.009,198,62,5,2000
DMFS,OOD,transbig,RSF,0.5989151659796051,0.5978954220004339,0.0010197439791712615,-0.029913840489295518,0.032350738927758464,0.015894598234805525,0.921,198,62,5,2000
DMFS,OOD,mainz,DeepHS,0.6902641277641278,0.6034398034398034,0.08682432432432441,0.04109967877716426,0.1327719657126764,0.023649840196221603,0.0,200,46,5,2000
DMFS,OOD,mainz,DeepSurv,0.6902641277641278,0.6230343980343981,0.06722972972972974,0.019809631253603098,0.11273034877667878,0.023784048321506414,0.007,200,46,5,2000
DMFS,OOD,mainz,ENCox,0.6902641277641278,0.6267813267813267,0.06348280098280112,0.01696519161498509,0.10824952450832082,0.02317422463612295,0.005,200,46,5,2000
DMFS,OOD,mainz,LH,0.6902641277641278,0.6514742014742014,0.03878992628992639,0.004041172611189715,0.07178186881755154,0.01736902940109577,0.027,200,46,5,2000
DMFS,OOD,mainz,MTLR,0.6902641277641278,0.6440417690417689,0.046222358722358914,0.015629004857120602,0.07591808607156175,0.015342932402028464,0.005,200,46,5,2000
DMFS,OOD,mainz,PCHazard,0.6902641277641278,0.6506756756756757,0.039588452088452075,0.0034160015675444937,0.07499394870886948,0.018391954153250453,0.027,200,46,5,2000
DMFS,OOD,mainz,PMF,0.6902641277641278,0.628470515970516,0.06179361179361187,0.02885057934116465,0.09440589002036077,0.01653928755510694,0.0,200,46,5,2000
DMFS,OOD,mainz,RSF,0.6902641277641278,0.6454238329238329,0.04484029484029495,0.01238636902852994,0.07638188563143809,0.016170616265477153,0.008,200,46,5,2000
