Model,RFS IBS,RFS AUC(5y),RFS Slope(5y),DMFS IBS,DMFS AUC(5y),DMFS Slope(5y)
TabSurv_M,0.157 ± 0.048,0.690 ± 0.060,2.19 ± 1.06,0.145 ± 0.029,0.688 ± 0.019 [3],1.34 ± 0.46 [3]
DeepHS,0.168 ± 0.067,0.652 ± 0.050,1.49 ± 0.64,0.150 ± 0.024,0.583 ± 0.021 [3],0.64 ± 0.30 [3]
DeepSurv,0.160 ± 0.058,0.655 ± 0.052,0.77 ± 0.34,0.153 ± 0.024,0.649 ± 0.014 [3],0.27 ± 0.02 [3]
ENCox,0.165 ± 0.059,0.632 ± 0.035,1.08 ± 0.34,0.163 ± 0.022,0.615 ± 0.023 [3],1.08 ± 0.22 [3]
LH,0.171 ± 0.054,0.605 ± 0.036,0.51 ± 0.19,0.225 ± 0.039,0.625 ± 0.012 [3],0.47 ± 0.22 [3]
MTLR,0.167 ± 0.064,0.668 ± 0.041,0.56 ± 0.21,0.177 ± 0.032,0.657 ± 0.010 [3],0.33 ± 0.03 [3]
PCHazard,0.173 ± 0.057,0.623 ± 0.032,0.55 ± 0.21,0.207 ± 0.043,0.623 ± 0.016 [3],0.40 ± 0.16 [3]
PMF,0.167 ± 0.063,0.635 ± 0.045,0.53 ± 0.21,0.165 ± 0.030,0.606 ± 0.025 [3],0.38 ± 0.10 [3]
RSF,0.162 ± 0.058,0.664 ± 0.044,1.97 ± 0.72,0.137 ± 0.018,0.646 ± 0.018 [3],2.05 ± 0.45 [3]
Kaplan–Meier (reference),0.159 ± 0.051,0.500,–,0.129 ± 0.013,0.500,–
