Endpoint,Baseline,Delta C (95% CI),I2 (%),W/L (CI excl. 0),p_Holm pooled,p_Holm Wilcoxon,LOO Delta C range
RFS,DeepHS,"+0.0942 (+0.0654, +0.1229)",0,6/0 (4/0),0.0031,0.2500,+0.0881 to +0.0969
RFS,DeepSurv,"+0.0256 (+0.0075, +0.0438)",0,6/0 (1/0),0.0304,0.2500,+0.0174 to +0.0287
RFS,ENCox,"+0.0440 (+0.0221, +0.0659)",26,5/1 (3/0),0.0179,0.2500,+0.0394 to +0.0466
RFS,LH,"+0.0461 (+0.0287, +0.0635)",0,6/0 (3/0),0.0073,0.2500,+0.0399 to +0.0488
RFS,MTLR,"+0.0388 (+0.0193, +0.0584)",0,6/0 (3/0),0.0179,0.2500,+0.0314 to +0.0418
RFS,PCHazard,"+0.0346 (+0.0194, +0.0499)",0,6/0 (3/0),0.0126,0.2500,+0.0324 to +0.0369
RFS,PMF,"+0.0350 (+0.0126, +0.0575)",24,5/1 (2/0),0.0304,0.2500,+0.0300 to +0.0412
RFS,RSF,"+0.0264 (+0.0042, +0.0487)",0,4/2 (2/0),0.0304,0.2500,+0.0231 to +0.0303
DMFS,DeepHS,"+0.0752 (+0.0239, +0.1265)",25,4/0 (3/0),0.1299,1.0000,+0.0675 to +0.0932
DMFS,DeepSurv,"+0.0335 (-0.0326, +0.0996)",60,3/1 (2/0),0.2460,1.0000,+0.0206 to +0.0546
DMFS,ENCox,"+0.0505 (+0.0142, +0.0868)",0,4/0 (3/0),0.1299,1.0000,+0.0464 to +0.0572
DMFS,LH,"+0.0289 (-0.0023, +0.0602)",0,4/0 (2/0),0.2460,1.0000,+0.0236 to +0.0376
DMFS,MTLR,"+0.0383 (-0.0000, +0.0767)",30,4/0 (2/0),0.2460,1.0000,+0.0317 to +0.0487
DMFS,PCHazard,"+0.0314 (+0.0002, +0.0627)",0,4/0 (2/0),0.2460,1.0000,+0.0249 to +0.0402
DMFS,PMF,"+0.0552 (+0.0226, +0.0877)",0,4/0 (3/0),0.0998,1.0000,+0.0511 to +0.0580
DMFS,RSF,"+0.0253 (-0.0095, +0.0601)",24,4/0 (1/0),0.2460,1.0000,+0.0149 to +0.0376
